,ccode,StYear,DispNum3,Major_Dispute
0,2,1816,1,0.0
1,2,1817,1,0.0
2,2,1818,1,0.0
3,2,1822,1,0.0
4,2,1823,1,0.0
5,2,1824,2,0.0
6,2,1825,1,0.0
7,2,1834,1,0.0
8,2,1835,1,0.0
9,2,1836,2,0.0
10,2,1837,1,0.0
11,2,1838,1,0.0
12,2,1839,2,0.0
13,2,1842,1,0.0
14,2,1843,1,0.0
15,2,1846,1,0.0
16,2,1850,2,0.0
17,2,1852,1,0.0
18,2,1853,1,0.0
19,2,1854,2,0.0
20,2,1855,2,0.0
21,2,1856,2,0.0
22,2,1857,1,0.0
23,2,1858,2,0.0
24,2,1859,1,0.0
25,2,1860,2,0.0
26,2,1861,2,0.0
27,2,1863,1,0.0
28,2,1864,2,0.0
29,2,1865,1,0.0
30,2,1866,3,0.0
31,2,1868,1,0.0
32,2,1869,1,0.0
33,2,1870,2,0.0
34,2,1873,2,0.0
35,2,1875,2,0.0
36,2,1876,1,0.0
37,2,1880,1,0.0
38,2,1881,2,0.0
39,2,1882,1,0.0
40,2,1883,1,0.0
41,2,1885,2,1.0
42,2,1886,1,0.0
43,2,1887,1,0.0
44,2,1888,2,0.0
45,2,1889,1,0.0
46,2,1891,2,0.0
47,2,1893,1,0.0
48,2,1895,2,0.0
49,2,1896,2,0.0
50,2,1898,1,1.0
51,2,1900,2,1.0
52,2,1902,2,0.0
53,2,1903,3,0.0
54,2,1904,1,0.0
55,2,1905,2,0.0
56,2,1908,1,0.0
57,2,1909,1,0.0
58,2,1910,1,0.0
59,2,1911,3,0.0
60,2,1912,1,0.0
61,2,1913,1,0.0
62,2,1914,3,1.0
63,2,1915,2,0.0
64,2,1916,4,0.0
65,2,1917,2,1.0
66,2,1918,4,0.0
67,2,1919,1,0.0
68,2,1921,3,0.0
69,2,1926,2,1.0
70,2,1927,1,0.0
71,2,1929,1,1.0
72,2,1932,1,0.0
73,2,1933,1,0.0
74,2,1937,1,0.0
75,2,1939,2,0.0
76,2,1940,3,0.0
77,2,1941,4,2.0
78,2,1943,1,0.0
79,2,1946,2,1.0
80,2,1948,1,0.0
81,2,1949,2,0.0
82,2,1950,2,2.0
83,2,1951,2,2.0
84,2,1952,1,0.0
85,2,1953,3,2.0
86,2,1954,5,1.0
87,2,1955,3,0.0
88,2,1956,4,1.0
89,2,1957,4,1.0
90,2,1958,9,2.0
91,2,1959,3,0.0
92,2,1960,4,0.0
93,2,1961,6,1.0
94,2,1962,6,1.0
95,2,1963,5,1.0
96,2,1964,7,3.0
97,2,1965,5,0.0
98,2,1966,2,0.0
99,2,1967,6,0.0
100,2,1968,4,0.0
101,2,1969,3,1.0
102,2,1970,2,1.0
103,2,1971,4,0.0
104,2,1972,4,0.0
105,2,1973,2,0.0
106,2,1974,2,0.0
107,2,1975,4,1.0
108,2,1976,5,1.0
109,2,1977,3,1.0
110,2,1978,1,0.0
111,2,1979,7,1.0
112,2,1980,3,0.0
113,2,1981,5,0.0
114,2,1982,7,0.0
115,2,1983,11,1.0
116,2,1984,3,0.0
117,2,1985,5,1.0
118,2,1986,5,0.0
119,2,1987,4,1.0
120,2,1988,3,0.0
121,2,1989,3,1.0
122,2,1990,2,1.0
123,2,1991,3,0.0
124,2,1992,3,0.0
125,2,1993,5,1.0
126,2,1994,5,1.0
127,2,1995,1,0.0
128,2,1996,3,0.0
129,2,1997,4,1.0
130,2,1998,4,2.0
131,2,1999,3,0.0
132,2,2000,8,0.0
133,2,2001,4,2.0
134,2,2002,3,1.0
135,2,2003,4,0.0
136,2,2004,5,2.0
137,2,2005,3,0.0
138,2,2006,1,0.0
139,2,2007,3,1.0
140,2,2008,4,0.0
141,2,2009,2,0.0
142,2,2010,3,2.0
143,20,1920,1,0.0
144,20,1932,1,0.0
145,20,1939,1,1.0
146,20,1950,1,1.0
147,20,1963,1,0.0
148,20,1974,1,0.0
149,20,1975,1,0.0
150,20,1979,1,0.0
151,20,1980,1,0.0
152,20,1987,1,0.0
153,20,1988,1,0.0
154,20,1989,1,0.0
155,20,1990,1,1.0
156,20,1991,1,0.0
157,20,1992,1,0.0
158,20,1993,1,0.0
159,20,1994,1,0.0
160,20,1995,1,0.0
161,20,1997,1,0.0
162,20,1998,1,1.0
163,20,1999,1,0.0
164,20,2000,4,0.0
165,20,2001,1,1.0
166,20,2004,1,0.0
167,20,2005,2,0.0
168,31,1984,1,0.0
169,40,1912,1,0.0
170,40,1917,1,0.0
171,40,1921,1,0.0
172,40,1933,1,0.0
173,40,1941,1,0.0
174,40,1942,2,0.0
175,40,1959,2,0.0
176,40,1960,1,0.0
177,40,1962,1,0.0
178,40,1967,1,1.0
179,40,1968,1,0.0
180,40,1971,2,0.0
181,40,1974,1,0.0
182,40,1975,2,0.0
183,40,1976,1,0.0
184,40,1977,3,2.0
185,40,1979,1,0.0
186,40,1980,1,0.0
187,40,1981,1,0.0
188,40,1983,2,1.0
189,40,1987,1,0.0
190,40,1990,1,0.0
191,40,1996,1,0.0
192,41,1869,1,0.0
193,41,1872,1,0.0
194,41,1881,1,0.0
195,41,1882,1,0.0
196,41,1883,1,0.0
197,41,1887,2,0.0
198,41,1888,1,0.0
199,41,1889,1,0.0
200,41,1891,1,0.0
201,41,1896,1,0.0
202,41,1901,1,0.0
203,41,1909,1,0.0
204,41,1911,1,0.0
205,41,1912,1,0.0
206,41,1914,1,0.0
207,41,1941,1,0.0
208,41,1942,1,0.0
209,41,1949,2,0.0
210,41,1963,1,0.0
211,41,1986,1,0.0
212,41,1987,1,0.0
213,41,1993,1,0.0
214,41,2004,1,0.0
215,42,1895,1,0.0
216,42,1900,1,0.0
217,42,1901,1,0.0
218,42,1905,1,0.0
219,42,1912,1,0.0
220,42,1914,1,0.0
221,42,1916,1,0.0
222,42,1941,1,0.0
223,42,1949,2,0.0
224,42,1959,2,0.0
225,42,1961,1,0.0
226,42,1963,1,0.0
227,42,1986,1,0.0
228,42,1987,1,0.0
229,42,1994,1,0.0
230,42,2004,1,0.0
231,51,1983,1,1.0
232,52,1996,1,0.0
233,52,1997,1,0.0
234,52,1999,1,0.0
235,53,1983,1,1.0
236,54,1983,1,1.0
237,55,1983,1,1.0
238,56,1983,1,1.0
239,57,1983,1,1.0
240,58,1983,1,1.0
241,70,1836,2,0.0
242,70,1838,2,0.0
243,70,1839,1,0.0
244,70,1842,1,0.0
245,70,1843,1,0.0
246,70,1850,1,0.0
247,70,1855,1,0.0
248,70,1859,1,0.0
249,70,1860,1,0.0
250,70,1861,1,0.0
251,70,1870,1,0.0
252,70,1873,1,0.0
253,70,1875,1,0.0
254,70,1876,1,0.0
255,70,1880,1,0.0
256,70,1885,1,1.0
257,70,1886,1,0.0
258,70,1893,1,0.0
259,70,1909,1,0.0
260,70,1911,1,0.0
261,70,1913,4,0.0
262,70,1914,1,1.0
263,70,1915,1,0.0
264,70,1916,2,0.0
265,70,1918,1,0.0
266,70,1919,1,0.0
267,70,1939,1,0.0
268,70,1942,2,0.0
269,70,1956,1,0.0
270,70,1958,1,1.0
271,70,1982,1,0.0
272,70,1984,1,0.0
273,80,1993,1,0.0
274,80,1995,1,0.0
275,80,1997,1,0.0
276,80,2000,2,0.0
277,90,1876,1,1.0
278,90,1885,1,1.0
279,90,1890,2,1.0
280,90,1906,1,1.0
281,90,1907,1,0.0
282,90,1911,1,0.0
283,90,1913,1,0.0
284,90,1917,1,0.0
285,90,1918,1,0.0
286,90,1927,1,1.0
287,90,1935,1,1.0
288,90,1941,1,0.0
289,90,1958,1,1.0
290,90,1970,1,0.0
291,90,1972,1,0.0
292,90,1975,1,0.0
293,90,1977,1,0.0
294,90,1982,1,0.0
295,90,1984,1,0.0
296,90,1993,1,0.0
297,90,1995,1,0.0
298,90,1997,1,0.0
299,90,2000,2,0.0
300,91,1906,1,1.0
301,91,1907,2,1.0
302,91,1909,1,0.0
303,91,1911,1,0.0
304,91,1917,1,0.0
305,91,1918,2,0.0
306,91,1920,2,0.0
307,91,1922,1,1.0
308,91,1927,1,1.0
309,91,1929,1,1.0
310,91,1941,1,0.0
311,91,1942,1,0.0
312,91,1957,1,0.0
313,91,1962,1,1.0
314,91,1969,1,1.0
315,91,1976,1,0.0
316,91,1979,1,0.0
317,91,1981,1,0.0
318,91,1985,1,0.0
319,91,1986,1,0.0
320,91,1988,1,0.0
321,91,1989,2,2.0
322,91,1991,1,0.0
323,91,1993,1,0.0
324,91,1995,2,0.0
325,91,1997,1,0.0
326,91,1999,1,0.0
327,91,2000,1,0.0
328,91,2001,2,0.0
329,92,1876,2,1.0
330,92,1885,1,1.0
331,92,1890,1,1.0
332,92,1906,1,1.0
333,92,1907,2,1.0
334,92,1909,1,0.0
335,92,1920,1,0.0
336,92,1921,1,0.0
337,92,1932,1,0.0
338,92,1935,1,1.0
339,92,1941,1,0.0
340,92,1969,1,1.0
341,92,1970,1,0.0
342,92,1976,1,0.0
343,92,1985,1,0.0
344,92,1989,1,1.0
345,92,1993,1,0.0
346,92,1997,1,0.0
347,93,1906,1,1.0
348,93,1907,2,1.0
349,93,1909,1,0.0
350,93,1910,1,0.0
351,93,1913,1,0.0
352,93,1918,2,0.0
353,93,1920,1,0.0
354,93,1922,1,1.0
355,93,1926,1,0.0
356,93,1929,1,1.0
357,93,1941,2,0.0
358,93,1948,2,0.0
359,93,1954,1,0.0
360,93,1957,2,0.0
361,93,1962,1,1.0
362,93,1977,1,0.0
363,93,1978,1,1.0
364,93,1979,1,0.0
365,93,1980,1,0.0
366,93,1981,1,0.0
367,93,1982,1,0.0
368,93,1983,1,0.0
369,93,1985,1,1.0
370,93,1986,2,0.0
371,93,1987,1,0.0
372,93,1988,1,0.0
373,93,1989,1,1.0
374,93,1991,1,0.0
375,93,1994,1,0.0
376,93,1995,3,0.0
377,93,1997,2,0.0
378,93,1998,1,0.0
379,93,1999,1,0.0
380,93,2000,1,0.0
381,93,2001,3,0.0
382,93,2010,1,0.0
383,94,1921,1,0.0
384,94,1941,1,0.0
385,94,1948,2,0.0
386,94,1954,1,0.0
387,94,1957,1,0.0
388,94,1977,1,0.0
389,94,1978,1,1.0
390,94,1983,1,0.0
391,94,1985,1,1.0
392,94,1986,1,0.0
393,94,1987,1,0.0
394,94,1988,1,0.0
395,94,1995,1,0.0
396,94,1998,1,0.0
397,94,2010,1,0.0
398,95,1921,1,0.0
399,95,1937,1,0.0
400,95,1940,2,0.0
401,95,1941,1,0.0
402,95,1942,1,0.0
403,95,1943,1,0.0
404,95,1976,1,0.0
405,95,1984,1,0.0
406,95,1985,1,0.0
407,95,1987,3,0.0
408,95,1988,2,0.0
409,95,1989,1,1.0
410,100,1833,1,0.0
411,100,1834,1,0.0
412,100,1836,1,0.0
413,100,1837,1,0.0
414,100,1852,2,0.0
415,100,1856,2,0.0
416,100,1857,1,0.0
417,100,1862,1,0.0
418,100,1863,1,0.0
419,100,1885,2,0.0
420,100,1896,1,0.0
421,100,1898,1,0.0
422,100,1899,1,0.0
423,100,1900,1,0.0
424,100,1902,1,0.0
425,100,1903,1,0.0
426,100,1907,1,0.0
427,100,1911,1,1.0
428,100,1912,1,0.0
429,100,1913,2,0.0
430,100,1932,3,1.0
431,100,1934,1,0.0
432,100,1943,3,0.0
433,100,1951,1,1.0
434,100,1980,1,0.0
435,100,1982,1,0.0
436,100,1986,1,0.0
437,100,1987,1,0.0
438,100,1988,1,0.0
439,100,1994,2,0.0
440,100,1995,1,0.0
441,100,1997,1,0.0
442,100,2000,1,0.0
443,100,2001,1,0.0
444,100,2003,1,0.0
445,100,2005,1,0.0
446,100,2006,2,0.0
447,100,2007,1,0.0
448,100,2008,2,0.0
449,100,2009,2,0.0
450,100,2010,1,0.0
451,101,1849,1,0.0
452,101,1852,1,0.0
453,101,1854,1,0.0
454,101,1856,1,0.0
455,101,1858,1,0.0
456,101,1859,1,0.0
457,101,1869,1,0.0
458,101,1881,1,0.0
459,101,1886,1,0.0
460,101,1900,1,0.0
461,101,1901,1,0.0
462,101,1902,2,0.0
463,101,1905,1,0.0
464,101,1908,1,0.0
465,101,1942,1,0.0
466,101,1945,1,0.0
467,101,1959,1,0.0
468,101,1966,1,0.0
469,101,1967,1,1.0
470,101,1968,2,0.0
471,101,1969,1,0.0
472,101,1970,1,0.0
473,101,1976,1,0.0
474,101,1981,1,0.0
475,101,1982,2,0.0
476,101,1986,1,0.0
477,101,1987,1,0.0
478,101,1988,1,0.0
479,101,1994,1,0.0
480,101,1995,1,0.0
481,101,1996,1,0.0
482,101,1997,2,0.0
483,101,1999,2,0.0
484,101,2000,2,0.0
485,101,2003,1,0.0
486,101,2006,1,0.0
487,101,2008,1,0.0
488,101,2009,1,0.0
489,101,2010,2,0.0
490,110,1966,1,0.0
491,110,1969,1,0.0
492,110,1970,1,0.0
493,110,1975,1,0.0
494,110,1976,2,0.0
495,110,1977,1,0.0
496,110,1981,1,0.0
497,110,1982,1,0.0
498,110,1999,1,0.0
499,110,2000,2,0.0
500,115,1976,1,0.0
501,115,1977,1,0.0
502,115,2000,2,0.0
503,130,1857,1,0.0
504,130,1858,1,0.0
505,130,1862,1,0.0
506,130,1863,1,0.0
507,130,1866,1,0.0
508,130,1891,1,0.0
509,130,1893,1,0.0
510,130,1901,1,1.0
511,130,1910,1,0.0
512,130,1911,1,1.0
513,130,1912,1,0.0
514,130,1914,1,0.0
515,130,1917,1,0.0
516,130,1932,2,1.0
517,130,1934,1,0.0
518,130,1937,1,0.0
519,130,1938,1,1.0
520,130,1939,1,1.0
521,130,1942,1,0.0
522,130,1943,1,0.0
523,130,1950,1,0.0
524,130,1951,1,1.0
525,130,1952,1,0.0
526,130,1953,1,0.0
527,130,1954,2,0.0
528,130,1955,2,0.0
529,130,1963,1,0.0
530,130,1967,1,0.0
531,130,1971,1,0.0
532,130,1972,1,0.0
533,130,1977,1,1.0
534,130,1980,1,0.0
535,130,1981,1,1.0
536,130,1984,1,1.0
537,130,1991,1,0.0
538,130,1995,2,1.0
539,130,1997,1,0.0
540,130,1998,1,0.0
541,130,2005,1,0.0
542,130,2006,1,0.0
543,130,2007,1,0.0
544,130,2008,1,0.0
545,130,2009,1,0.0
546,135,1846,1,0.0
547,135,1852,3,0.0
548,135,1858,2,0.0
549,135,1859,1,0.0
550,135,1860,1,0.0
551,135,1862,1,0.0
552,135,1864,1,0.0
553,135,1865,1,0.0
554,135,1872,1,0.0
555,135,1875,1,0.0
556,135,1879,1,1.0
557,135,1884,1,0.0
558,135,1891,1,0.0
559,135,1893,1,0.0
560,135,1899,1,0.0
561,135,1901,1,1.0
562,135,1902,1,1.0
563,135,1906,1,0.0
564,135,1907,1,0.0
565,135,1910,2,1.0
566,135,1911,3,2.0
567,135,1912,2,0.0
568,135,1913,1,0.0
569,135,1914,1,0.0
570,135,1917,1,0.0
571,135,1918,1,0.0
572,135,1920,1,0.0
573,135,1921,1,0.0
574,135,1932,4,2.0
575,135,1934,2,0.0
576,135,1937,1,0.0
577,135,1938,1,1.0
578,135,1939,1,1.0
579,135,1942,1,0.0
580,135,1943,1,0.0
581,135,1945,1,0.0
582,135,1950,1,0.0
583,135,1951,1,1.0
584,135,1953,1,0.0
585,135,1954,1,0.0
586,135,1955,2,0.0
587,135,1962,1,0.0
588,135,1969,1,0.0
589,135,1972,1,0.0
590,135,1976,1,0.0
591,135,1977,3,1.0
592,135,1979,1,0.0
593,135,1981,1,1.0
594,135,1984,1,1.0
595,135,1991,1,0.0
596,135,1992,1,0.0
597,135,1995,2,1.0
598,135,1997,1,0.0
599,135,1998,1,0.0
600,135,2003,1,0.0
601,140,1826,2,0.0
602,140,1838,1,0.0
603,140,1839,1,0.0
604,140,1842,1,0.0
605,140,1845,1,0.0
606,140,1849,1,0.0
607,140,1850,1,0.0
608,140,1851,1,0.0
609,140,1855,1,0.0
610,140,1856,1,0.0
611,140,1862,2,0.0
612,140,1863,1,0.0
613,140,1866,1,0.0
614,140,1868,1,0.0
615,140,1872,1,0.0
616,140,1873,1,0.0
617,140,1875,1,0.0
618,140,1895,2,0.0
619,140,1896,1,0.0
620,140,1902,2,1.0
621,140,1903,1,0.0
622,140,1917,1,0.0
623,140,1918,1,0.0
624,140,1928,2,0.0
625,140,1929,1,0.0
626,140,1932,1,0.0
627,140,1940,1,0.0
628,140,1942,3,0.0
629,140,1944,1,1.0
630,140,1945,1,0.0
631,140,1959,1,0.0
632,140,1963,1,0.0
633,140,1968,1,0.0
634,140,1975,1,0.0
635,140,1983,2,0.0
636,140,2003,1,0.0
637,145,1857,1,0.0
638,145,1861,1,0.0
639,145,1863,1,0.0
640,145,1866,2,0.0
641,145,1875,1,0.0
642,145,1878,1,1.0
643,145,1884,1,0.0
644,145,1886,1,0.0
645,145,1887,1,0.0
646,145,1902,1,0.0
647,145,1906,2,0.0
648,145,1910,1,1.0
649,145,1918,1,0.0
650,145,1920,1,0.0
651,145,1921,1,0.0
652,145,1922,1,0.0
653,145,1923,1,0.0
654,145,1924,1,0.0
655,145,1927,2,0.0
656,145,1928,3,1.0
657,145,1930,1,1.0
658,145,1931,1,1.0
659,145,1935,1,0.0
660,145,1936,2,1.0
661,145,1937,2,0.0
662,145,1938,1,0.0
663,145,1943,1,0.0
664,145,1962,1,0.0
665,145,1978,1,0.0
666,150,1846,1,0.0
667,150,1850,2,0.0
668,150,1855,1,0.0
669,150,1856,1,0.0
670,150,1859,1,0.0
671,150,1862,1,0.0
672,150,1863,1,0.0
673,150,1886,1,0.0
674,150,1887,1,0.0
675,150,1906,1,0.0
676,150,1911,1,0.0
677,150,1912,1,0.0
678,150,1918,1,0.0
679,150,1921,1,0.0
680,150,1922,1,0.0
681,150,1923,1,0.0
682,150,1924,1,0.0
683,150,1927,2,0.0
684,150,1928,3,1.0
685,150,1929,1,0.0
686,150,1930,1,1.0
687,150,1931,1,1.0
688,150,1935,1,0.0
689,150,1936,2,1.0
690,150,1937,2,0.0
691,150,1938,1,0.0
692,150,1945,1,0.0
693,150,1959,1,1.0
694,150,1962,1,1.0
695,155,1843,1,0.0
696,155,1846,1,0.0
697,155,1852,2,0.0
698,155,1857,2,0.0
699,155,1860,1,0.0
700,155,1861,1,0.0
701,155,1862,1,0.0
702,155,1863,1,0.0
703,155,1864,1,0.0
704,155,1865,1,0.0
705,155,1872,1,0.0
706,155,1873,1,0.0
707,155,1876,1,0.0
708,155,1877,1,0.0
709,155,1878,2,1.0
710,155,1879,1,0.0
711,155,1883,1,0.0
712,155,1884,2,0.0
713,155,1891,3,0.0
714,155,1897,1,0.0
715,155,1900,1,0.0
716,155,1905,1,0.0
717,155,1909,1,0.0
718,155,1911,1,0.0
719,155,1920,1,0.0
720,155,1921,1,0.0
721,155,1942,1,0.0
722,155,1945,1,0.0
723,155,1947,1,0.0
724,155,1948,1,0.0
725,155,1952,1,0.0
726,155,1955,1,0.0
727,155,1957,1,0.0
728,155,1958,2,0.0
729,155,1959,1,0.0
730,155,1960,1,0.0
731,155,1962,1,0.0
732,155,1963,1,0.0
733,155,1964,1,0.0
734,155,1965,1,1.0
735,155,1967,1,0.0
736,155,1976,1,0.0
737,155,1977,3,0.0
738,155,1978,2,0.0
739,155,1980,1,0.0
740,155,1981,2,0.0
741,155,1983,1,0.0
742,155,1984,1,0.0
743,155,1996,1,0.0
744,160,1842,2,0.0
745,160,1843,1,0.0
746,160,1845,1,0.0
747,160,1846,1,0.0
748,160,1850,1,0.0
749,160,1851,1,0.0
750,160,1865,1,0.0
751,160,1866,1,0.0
752,160,1872,1,0.0
753,160,1873,2,0.0
754,160,1875,1,0.0
755,160,1876,1,0.0
756,160,1877,1,0.0
757,160,1878,1,0.0
758,160,1879,1,0.0
759,160,1880,1,0.0
760,160,1891,1,0.0
761,160,1897,1,0.0
762,160,1900,1,0.0
763,160,1905,1,0.0
764,160,1907,1,0.0
765,160,1909,1,0.0
766,160,1911,1,0.0
767,160,1912,1,0.0
768,160,1914,1,0.0
769,160,1916,1,0.0
770,160,1917,1,0.0
771,160,1928,1,0.0
772,160,1939,1,0.0
773,160,1940,1,0.0
774,160,1942,1,0.0
775,160,1945,1,0.0
776,160,1947,1,0.0
777,160,1948,1,0.0
778,160,1952,1,0.0
779,160,1955,1,0.0
780,160,1958,2,0.0
781,160,1959,2,1.0
782,160,1960,1,0.0
783,160,1962,1,1.0
784,160,1963,1,0.0
785,160,1964,1,0.0
786,160,1965,1,1.0
787,160,1967,1,0.0
788,160,1968,1,0.0
789,160,1969,1,0.0
790,160,1973,1,0.0
791,160,1976,1,0.0
792,160,1977,3,0.0
793,160,1978,1,0.0
794,160,1980,1,0.0
795,160,1981,2,0.0
796,160,1982,2,1.0
797,160,1983,3,0.0
798,160,1984,1,0.0
799,160,1986,1,0.0
800,160,1987,1,0.0
801,160,1990,1,1.0
802,160,1993,1,0.0
803,160,2000,2,0.0
804,160,2002,1,0.0
805,165,1907,1,0.0
806,165,1939,2,0.0
807,165,1942,1,0.0
808,165,1945,1,0.0
809,165,1969,1,0.0
810,165,1973,1,0.0
811,200,1825,1,0.0
812,200,1826,1,0.0
813,200,1827,1,0.0
814,200,1831,3,0.0
815,200,1832,1,0.0
816,200,1833,1,0.0
817,200,1836,2,0.0
818,200,1837,2,0.0
819,200,1838,1,0.0
820,200,1839,2,0.0
821,200,1840,1,0.0
822,200,1842,3,0.0
823,200,1845,2,0.0
824,200,1846,1,0.0
825,200,1848,2,0.0
826,200,1849,2,0.0
827,200,1850,1,0.0
828,200,1853,1,0.0
829,200,1854,2,0.0
830,200,1856,3,0.0
831,200,1858,2,0.0
832,200,1859,2,0.0
833,200,1860,1,0.0
834,200,1861,3,0.0
835,200,1862,1,0.0
836,200,1863,2,0.0
837,200,1864,1,0.0
838,200,1865,1,0.0
839,200,1873,1,0.0
840,200,1876,2,0.0
841,200,1877,1,0.0
842,200,1878,1,0.0
843,200,1880,2,0.0
844,200,1881,1,0.0
845,200,1882,1,1.0
846,200,1883,2,0.0
847,200,1885,2,0.0
848,200,1886,2,0.0
849,200,1887,3,0.0
850,200,1888,2,0.0
851,200,1889,1,0.0
852,200,1890,1,0.0
853,200,1891,1,0.0
854,200,1893,2,1.0
855,200,1895,2,0.0
856,200,1896,2,0.0
857,200,1897,3,0.0
858,200,1898,3,0.0
859,200,1899,1,0.0
860,200,1900,1,1.0
861,200,1901,1,0.0
862,200,1902,2,0.0
863,200,1903,1,0.0
864,200,1904,2,0.0
865,200,1905,1,0.0
866,200,1906,1,0.0
867,200,1910,1,0.0
868,200,1911,3,0.0
869,200,1913,2,0.0
870,200,1914,3,1.0
871,200,1915,3,0.0
872,200,1916,3,1.0
873,200,1917,2,0.0
874,200,1918,6,1.0
875,200,1919,3,2.0
876,200,1920,4,0.0
877,200,1921,1,0.0
878,200,1922,3,0.0
879,200,1923,2,0.0
880,200,1925,1,0.0
881,200,1926,1,1.0
882,200,1927,2,0.0
883,200,1932,1,0.0
884,200,1934,2,2.0
885,200,1935,1,1.0
886,200,1937,2,0.0
887,200,1938,2,0.0
888,200,1939,7,1.0
889,200,1940,12,0.0
890,200,1941,6,0.0
891,200,1942,2,0.0
892,200,1943,1,0.0
893,200,1946,3,1.0
894,200,1947,1,0.0
895,200,1948,2,0.0
896,200,1949,3,1.0
897,200,1950,4,1.0
898,200,1951,5,1.0
899,200,1952,3,0.0
900,200,1953,3,1.0
901,200,1954,2,0.0
902,200,1955,2,0.0
903,200,1956,4,2.0
904,200,1958,6,0.0
905,200,1960,1,0.0
906,200,1961,4,0.0
907,200,1962,2,0.0
908,200,1963,3,2.0
909,200,1964,1,0.0
910,200,1965,2,0.0
911,200,1966,3,0.0
912,200,1967,1,0.0
913,200,1968,1,0.0
914,200,1969,1,0.0
915,200,1970,1,1.0
916,200,1972,2,1.0
917,200,1974,1,0.0
918,200,1975,2,0.0
919,200,1976,2,0.0
920,200,1977,1,0.0
921,200,1980,1,0.0
922,200,1982,3,1.0
923,200,1983,1,0.0
924,200,1984,3,0.0
925,200,1985,3,1.0
926,200,1986,2,0.0
927,200,1988,1,0.0
928,200,1990,1,1.0
929,200,1991,1,0.0
930,200,1992,2,0.0
931,200,1993,2,1.0
932,200,1994,1,0.0
933,200,1996,2,0.0
934,200,1997,1,1.0
935,200,1998,1,1.0
936,200,1999,2,0.0
937,200,2000,3,0.0
938,200,2001,1,1.0
939,200,2002,1,0.0
940,200,2003,1,0.0
941,205,1940,1,0.0
942,205,1984,1,0.0
943,205,1985,1,0.0
944,205,2000,2,0.0
945,210,1831,1,0.0
946,210,1832,1,0.0
947,210,1849,1,0.0
948,210,1854,1,0.0
949,210,1856,1,0.0
950,210,1864,1,0.0
951,210,1865,1,0.0
952,210,1869,1,0.0
953,210,1908,1,0.0
954,210,1914,3,0.0
955,210,1916,1,0.0
956,210,1917,1,0.0
957,210,1939,2,1.0
958,210,1940,1,1.0
959,210,1951,2,1.0
960,210,1953,1,1.0
961,210,1957,2,0.0
962,210,1960,2,1.0
963,210,1961,1,0.0
964,210,1966,1,0.0
965,210,1980,1,0.0
966,210,1985,1,0.0
967,210,1987,1,0.0
968,210,1990,1,1.0
969,210,1992,1,0.0
970,210,1993,1,0.0
971,210,1998,1,1.0
972,210,1999,2,1.0
973,210,2000,2,0.0
974,210,2001,1,1.0
975,210,2003,1,1.0
976,211,1831,1,0.0
977,211,1832,1,0.0
978,211,1914,1,1.0
979,211,1920,1,0.0
980,211,1921,1,0.0
981,211,1923,1,0.0
982,211,1936,1,0.0
983,211,1938,1,0.0
984,211,1939,2,1.0
985,211,1951,1,1.0
986,211,1958,1,0.0
987,211,1960,2,0.0
988,211,1985,1,0.0
989,211,1987,1,0.0
990,211,1990,1,1.0
991,211,1991,1,0.0
992,211,1992,1,0.0
993,211,1993,1,0.0
994,211,1998,1,1.0
995,211,1999,1,0.0
996,211,2000,2,0.0
997,212,1939,1,0.0
998,212,1998,1,1.0
999,212,2000,2,0.0
1000,220,1821,1,0.0
1001,220,1822,1,0.0
1002,220,1826,1,0.0
1003,220,1827,1,0.0
1004,220,1828,1,0.0
1005,220,1830,1,0.0
1006,220,1831,3,0.0
1007,220,1832,1,0.0
1008,220,1833,2,0.0
1009,220,1835,1,0.0
1010,220,1838,1,0.0
1011,220,1840,1,0.0
1012,220,1842,2,0.0
1013,220,1845,1,0.0
1014,220,1848,2,0.0
1015,220,1849,2,0.0
1016,220,1850,1,0.0
1017,220,1852,1,0.0
1018,220,1853,1,0.0
1019,220,1854,1,0.0
1020,220,1857,1,0.0
1021,220,1858,1,0.0
1022,220,1859,1,0.0
1023,220,1860,4,0.0
1024,220,1861,1,0.0
1025,220,1863,1,0.0
1026,220,1864,1,0.0
1027,220,1865,2,0.0
1028,220,1866,2,0.0
1029,220,1870,2,1.0
1030,220,1871,2,0.0
1031,220,1880,1,0.0
1032,220,1881,2,0.0
1033,220,1882,2,1.0
1034,220,1883,2,1.0
1035,220,1885,1,0.0
1036,220,1887,2,0.0
1037,220,1888,1,0.0
1038,220,1891,1,0.0
1039,220,1893,2,1.0
1040,220,1895,3,0.0
1041,220,1896,3,0.0
1042,220,1897,1,0.0
1043,220,1898,3,0.0
1044,220,1900,2,1.0
1045,220,1904,1,0.0
1046,220,1905,2,0.0
1047,220,1907,1,0.0
1048,220,1908,1,1.0
1049,220,1911,3,0.0
1050,220,1912,1,0.0
1051,220,1914,1,1.0
1052,220,1915,1,0.0
1053,220,1916,3,1.0
1054,220,1918,5,0.0
1055,220,1919,2,2.0
1056,220,1920,2,0.0
1057,220,1921,1,0.0
1058,220,1922,3,0.0
1059,220,1923,1,0.0
1060,220,1925,2,0.0
1061,220,1926,2,1.0
1062,220,1927,2,0.0
1063,220,1934,2,1.0
1064,220,1936,1,0.0
1065,220,1937,2,0.0
1066,220,1938,3,0.0
1067,220,1939,2,1.0
1068,220,1940,6,3.0
1069,220,1944,1,1.0
1070,220,1946,1,1.0
1071,220,1948,2,0.0
1072,220,1949,1,0.0
1073,220,1950,1,1.0
1074,220,1951,1,1.0
1075,220,1952,1,0.0
1076,220,1956,1,1.0
1077,220,1957,1,1.0
1078,220,1958,3,0.0
1079,220,1959,1,1.0
1080,220,1960,2,1.0
1081,220,1961,2,1.0
1082,220,1963,1,0.0
1083,220,1964,1,1.0
1084,220,1976,1,1.0
1085,220,1977,1,1.0
1086,220,1978,2,0.0
1087,220,1980,2,0.0
1088,220,1983,1,0.0
1089,220,1984,2,0.0
1090,220,1985,2,0.0
1091,220,1986,1,0.0
1092,220,1987,2,0.0
1093,220,1988,2,0.0
1094,220,1989,2,0.0
1095,220,1990,2,1.0
1096,220,1991,2,0.0
1097,220,1992,2,0.0
1098,220,1993,3,1.0
1099,220,1994,1,0.0
1100,220,1998,1,1.0
1101,220,1999,2,1.0
1102,220,2000,2,0.0
1103,220,2001,1,1.0
1104,220,2004,2,2.0
1105,220,2005,1,0.0
1106,220,2009,1,0.0
1107,223,1992,1,0.0
1108,225,1856,1,0.0
1109,225,1914,1,0.0
1110,225,1939,1,0.0
1111,225,1940,2,0.0
1112,225,1943,1,0.0
1113,225,1954,1,0.0
1114,225,1959,1,0.0
1115,225,1992,1,0.0
1116,225,2000,2,0.0
1117,225,2003,1,0.0
1118,230,1816,1,0.0
1119,230,1817,1,0.0
1120,230,1818,1,0.0
1121,230,1821,1,0.0
1122,230,1822,2,0.0
1123,230,1823,1,0.0
1124,230,1824,2,0.0
1125,230,1825,1,0.0
1126,230,1840,1,0.0
1127,230,1846,1,0.0
1128,230,1850,1,0.0
1129,230,1854,1,0.0
1130,230,1855,1,0.0
1131,230,1859,2,0.0
1132,230,1860,1,0.0
1133,230,1861,2,0.0
1134,230,1862,1,0.0
1135,230,1864,2,0.0
1136,230,1865,1,0.0
1137,230,1866,2,0.0
1138,230,1873,1,0.0
1139,230,1875,1,0.0
1140,230,1890,1,0.0
1141,230,1893,1,0.0
1142,230,1895,1,0.0
1143,230,1896,1,0.0
1144,230,1898,1,1.0
1145,230,1907,1,0.0
1146,230,1908,1,1.0
1147,230,1909,1,1.0
1148,230,1911,1,0.0
1149,230,1913,1,0.0
1150,230,1915,1,0.0
1151,230,1919,1,0.0
1152,230,1927,2,0.0
1153,230,1936,1,1.0
1154,230,1940,4,1.0
1155,230,1941,1,1.0
1156,230,1943,1,0.0
1157,230,1957,1,0.0
1158,230,1961,2,0.0
1159,230,1965,1,0.0
1160,230,1969,2,0.0
1161,230,1972,1,0.0
1162,230,1973,1,0.0
1163,230,1975,2,0.0
1164,230,1979,1,0.0
1165,230,1980,1,0.0
1166,230,1984,3,0.0
1167,230,1985,1,0.0
1168,230,1986,1,0.0
1169,230,1987,1,0.0
1170,230,1988,2,0.0
1171,230,1990,1,1.0
1172,230,1992,1,0.0
1173,230,1995,1,0.0
1174,230,1998,1,1.0
1175,230,1999,1,0.0
1176,230,2000,2,0.0
1177,230,2001,1,1.0
1178,230,2002,2,0.0
1179,230,2003,1,0.0
1180,235,1831,2,0.0
1181,235,1840,1,0.0
1182,235,1857,1,0.0
1183,235,1889,1,0.0
1184,235,1897,1,0.0
1185,235,1914,1,1.0
1186,235,1916,2,1.0
1187,235,1927,1,0.0
1188,235,1936,1,1.0
1189,235,1940,2,0.0
1190,235,1941,3,0.0
1191,235,1944,1,0.0
1192,235,1954,1,0.0
1193,235,1956,1,0.0
1194,235,1961,3,1.0
1195,235,1962,1,0.0
1196,235,1963,1,0.0
1197,235,1966,2,0.0
1198,235,1967,2,0.0
1199,235,1969,3,0.0
1200,235,1970,1,0.0
1201,235,1971,1,0.0
1202,235,1972,3,1.0
1203,235,1973,3,0.0
1204,235,1975,2,0.0
1205,235,1992,1,0.0
1206,235,1998,1,1.0
1207,235,1999,1,0.0
1208,235,2000,2,0.0
1209,235,2001,1,1.0
1210,235,2005,1,0.0
1211,240,1848,1,0.0
1212,240,1863,1,0.0
1213,240,1864,1,0.0
1214,240,1866,1,0.0
1215,245,1849,1,0.0
1216,245,1850,1,0.0
1217,245,1866,1,0.0
1218,245,1870,1,1.0
1219,255,1823,1,0.0
1220,255,1830,1,0.0
1221,255,1832,1,0.0
1222,255,1840,1,0.0
1223,255,1848,1,0.0
1224,255,1850,1,0.0
1225,255,1856,1,0.0
1226,255,1859,1,0.0
1227,255,1863,1,0.0
1228,255,1864,2,0.0
1229,255,1865,1,0.0
1230,255,1866,1,0.0
1231,255,1870,1,1.0
1232,255,1871,2,0.0
1233,255,1872,1,0.0
1234,255,1876,1,0.0
1235,255,1880,1,0.0
1236,255,1885,1,0.0
1237,255,1886,1,0.0
1238,255,1887,3,0.0
1239,255,1888,1,0.0
1240,255,1895,1,0.0
1241,255,1896,2,0.0
1242,255,1897,2,0.0
1243,255,1899,1,0.0
1244,255,1900,2,2.0
1245,255,1902,1,0.0
1246,255,1909,1,0.0
1247,255,1911,3,0.0
1248,255,1913,1,0.0
1249,255,1914,10,2.0
1250,255,1915,5,0.0
1251,255,1916,6,0.0
1252,255,1917,5,0.0
1253,255,1918,5,0.0
1254,255,1919,3,1.0
1255,255,1920,1,0.0
1256,255,1921,2,0.0
1257,255,1922,1,0.0
1258,255,1926,1,1.0
1259,255,1934,1,0.0
1260,255,1936,3,2.0
1261,255,1938,2,0.0
1262,255,1939,19,2.0
1263,255,1940,15,1.0
1264,255,1941,16,1.0
1265,255,1942,14,0.0
1266,255,1943,12,0.0
1267,255,1944,7,0.0
1268,255,1945,6,0.0
1269,255,1991,1,1.0
1270,255,1992,1,0.0
1271,255,1998,1,1.0
1272,255,1999,2,1.0
1273,255,2000,2,0.0
1274,255,2001,1,1.0
1275,260,1956,1,0.0
1276,260,1961,2,1.0
1277,260,1963,2,0.0
1278,260,1964,2,0.0
1279,260,1967,1,0.0
1280,260,1971,1,0.0
1281,260,1974,1,0.0
1282,260,1980,1,0.0
1283,260,1984,2,0.0
1284,260,1985,3,0.0
1285,260,1986,1,1.0
1286,260,1987,1,0.0
1287,260,1988,1,0.0
1288,265,1958,2,0.0
1289,265,1961,2,1.0
1290,265,1967,1,0.0
1291,265,1968,1,0.0
1292,265,1969,1,0.0
1293,265,1971,1,0.0
1294,265,1985,1,1.0
1295,267,1863,1,0.0
1296,267,1866,1,0.0
1297,267,1870,1,1.0
1298,269,1849,1,0.0
1299,269,1863,1,0.0
1300,269,1864,2,0.0
1301,269,1866,1,0.0
1302,271,1850,1,0.0
1303,271,1863,1,0.0
1304,271,1866,1,0.0
1305,271,1870,1,1.0
1306,273,1850,1,0.0
1307,273,1866,1,0.0
1308,275,1863,1,0.0
1309,275,1866,1,0.0
1310,280,1866,1,0.0
1311,290,1919,5,2.0
1312,290,1920,2,1.0
1313,290,1921,2,0.0
1314,290,1938,3,1.0
1315,290,1939,4,1.0
1316,290,1954,1,0.0
1317,290,1956,1,0.0
1318,290,1961,1,0.0
1319,290,1964,1,0.0
1320,290,1968,1,0.0
1321,290,1987,1,0.0
1322,290,1993,1,0.0
1323,290,1997,1,0.0
1324,290,1998,1,1.0
1325,290,2000,2,0.0
1326,290,2003,1,1.0
1327,300,1821,2,0.0
1328,300,1823,1,0.0
1329,300,1840,1,0.0
1330,300,1847,1,0.0
1331,300,1848,2,0.0
1332,300,1849,2,0.0
1333,300,1850,1,0.0
1334,300,1853,3,0.0
1335,300,1854,2,0.0
1336,300,1859,1,0.0
1337,300,1863,1,0.0
1338,300,1865,1,0.0
1339,300,1876,1,0.0
1340,300,1877,1,0.0
1341,300,1880,1,0.0
1342,300,1883,1,0.0
1343,300,1886,1,0.0
1344,300,1888,1,0.0
1345,300,1896,1,0.0
1346,300,1897,1,0.0
1347,300,1900,1,1.0
1348,300,1904,1,0.0
1349,300,1905,1,0.0
1350,300,1908,1,0.0
1351,300,1911,1,0.0
1352,300,1912,1,0.0
1353,300,1913,1,0.0
1354,300,1914,3,1.0
1355,300,1915,1,0.0
1356,300,1916,1,0.0
1357,300,1917,2,0.0
1358,300,1918,1,0.0
1359,305,1919,1,0.0
1360,305,1921,1,0.0
1361,305,1922,1,0.0
1362,305,1938,1,0.0
1363,305,1960,3,0.0
1364,305,1991,1,0.0
1365,305,2000,2,0.0
1366,310,1919,1,1.0
1367,310,1921,1,0.0
1368,310,1922,2,0.0
1369,310,1938,2,0.0
1370,310,1939,2,0.0
1371,310,1940,3,0.0
1372,310,1941,8,1.0
1373,310,1944,3,0.0
1374,310,1949,1,1.0
1375,310,1952,1,1.0
1376,310,1956,1,1.0
1377,310,1960,1,0.0
1378,310,1968,1,0.0
1379,310,1971,1,0.0
1380,310,1991,1,0.0
1381,310,1994,1,0.0
1382,310,1995,2,0.0
1383,310,1999,1,1.0
1384,310,2000,2,0.0
1385,315,1919,2,1.0
1386,315,1922,1,0.0
1387,315,1934,1,0.0
1388,315,1938,3,0.0
1389,315,1939,2,0.0
1390,315,1953,2,1.0
1391,315,1957,1,0.0
1392,315,1961,1,0.0
1393,315,1963,1,0.0
1394,315,1968,1,0.0
1395,315,1971,1,0.0
1396,315,1984,1,0.0
1397,315,1985,1,0.0
1398,315,1986,1,1.0
1399,316,1999,1,1.0
1400,316,2000,2,0.0
1401,317,2000,2,0.0
1402,325,1821,1,0.0
1403,325,1825,1,0.0
1404,325,1848,1,0.0
1405,325,1853,1,0.0
1406,325,1855,1,0.0
1407,325,1859,1,0.0
1408,325,1860,3,0.0
1409,325,1866,2,0.0
1410,325,1870,1,0.0
1411,325,1876,1,0.0
1412,325,1877,1,0.0
1413,325,1880,1,0.0
1414,325,1883,1,0.0
1415,325,1885,2,0.0
1416,325,1886,1,0.0
1417,325,1888,1,0.0
1418,325,1889,1,0.0
1419,325,1890,1,0.0
1420,325,1896,1,0.0
1421,325,1897,1,0.0
1422,325,1898,2,0.0
1423,325,1899,1,0.0
1424,325,1900,1,1.0
1425,325,1902,1,0.0
1426,325,1904,1,0.0
1427,325,1905,1,0.0
1428,325,1908,1,0.0
1429,325,1910,1,0.0
1430,325,1911,4,1.0
1431,325,1912,1,0.0
1432,325,1914,2,0.0
1433,325,1915,1,1.0
1434,325,1918,4,0.0
1435,325,1919,2,1.0
1436,325,1920,2,0.0
1437,325,1921,1,0.0
1438,325,1922,2,0.0
1439,325,1923,4,0.0
1440,325,1924,1,0.0
1441,325,1925,1,0.0
1442,325,1926,3,1.0
1443,325,1927,2,0.0
1444,325,1930,1,0.0
1445,325,1931,1,0.0
1446,325,1934,4,2.0
1447,325,1936,1,1.0
1448,325,1937,5,0.0
1449,325,1939,4,0.0
1450,325,1940,10,1.0
1451,325,1941,9,0.0
1452,325,1942,6,0.0
1453,325,1943,6,1.0
1454,325,1952,1,0.0
1455,325,1953,1,0.0
1456,325,1954,1,0.0
1457,325,1955,1,0.0
1458,325,1956,1,0.0
1459,325,1957,1,0.0
1460,325,1958,1,0.0
1461,325,1960,1,0.0
1462,325,1978,1,0.0
1463,325,1980,1,0.0
1464,325,1982,1,0.0
1465,325,1985,2,0.0
1466,325,1987,1,0.0
1467,325,1990,1,1.0
1468,325,1992,1,0.0
1469,325,1993,1,0.0
1470,325,1998,1,1.0
1471,325,1999,2,1.0
1472,325,2000,2,0.0
1473,327,1847,1,0.0
1474,327,1848,1,0.0
1475,327,1849,1,0.0
1476,327,1860,1,0.0
1477,329,1821,1,0.0
1478,329,1848,2,0.0
1479,329,1849,1,0.0
1480,329,1860,1,0.0
1481,332,1848,1,0.0
1482,337,1848,1,0.0
1483,337,1849,1,0.0
1484,338,1985,1,0.0
1485,338,1987,1,0.0
1486,338,1989,1,0.0
1487,339,1914,1,0.0
1488,339,1915,1,1.0
1489,339,1916,1,0.0
1490,339,1918,1,0.0
1491,339,1920,1,0.0
1492,339,1921,1,0.0
1493,339,1934,1,0.0
1494,339,1939,1,0.0
1495,339,1946,2,1.0
1496,339,1948,1,1.0
1497,339,1949,2,2.0
1498,339,1952,2,1.0
1499,339,1955,1,0.0
1500,339,1957,1,0.0
1501,339,1958,2,0.0
1502,339,1976,1,0.0
1503,339,1992,1,0.0
1504,339,1993,2,2.0
1505,339,1994,1,1.0
1506,339,1995,1,0.0
1507,339,1997,3,0.0
1508,339,1998,1,1.0
1509,339,2000,1,0.0
1510,339,2002,1,0.0
1511,343,1993,1,1.0
1512,343,1994,1,0.0
1513,343,1997,1,0.0
1514,343,1998,1,1.0
1515,343,1999,1,1.0
1516,343,2002,1,0.0
1517,344,1992,2,2.0
1518,344,1993,3,2.0
1519,344,1995,2,0.0
1520,344,1996,1,0.0
1521,344,1997,1,0.0
1522,344,2000,1,0.0
1523,344,2002,1,0.0
1524,344,2005,1,0.0
1525,345,1908,1,0.0
1526,345,1912,2,1.0
1527,345,1913,2,1.0
1528,345,1914,2,1.0
1529,345,1915,1,1.0
1530,345,1918,3,1.0
1531,345,1919,2,1.0
1532,345,1921,1,0.0
1533,345,1922,2,0.0
1534,345,1923,2,0.0
1535,345,1926,1,0.0
1536,345,1929,1,0.0
1537,345,1934,1,0.0
1538,345,1938,1,0.0
1539,345,1940,3,0.0
1540,345,1941,1,1.0
1541,345,1946,2,1.0
1542,345,1949,2,2.0
1543,345,1952,2,2.0
1544,345,1953,1,0.0
1545,345,1954,1,0.0
1546,345,1956,1,0.0
1547,345,1971,1,0.0
1548,345,1976,1,0.0
1549,345,1980,1,0.0
1550,345,1987,1,0.0
1551,345,1991,2,0.0
1552,345,1992,4,2.0
1553,345,1993,3,2.0
1554,345,1994,3,0.0
1555,345,1995,3,0.0
1556,345,1997,2,0.0
1557,345,1998,1,1.0
1558,345,2000,5,0.0
1559,346,1992,2,2.0
1560,346,1993,1,1.0
1561,346,1994,1,0.0
1562,346,1996,1,0.0
1563,349,1993,1,0.0
1564,349,2000,2,0.0
1565,349,2002,1,0.0
1566,350,1829,1,0.0
1567,350,1850,1,0.0
1568,350,1854,1,0.0
1569,350,1866,1,0.0
1570,350,1868,1,0.0
1571,350,1877,1,0.0
1572,350,1878,2,0.0
1573,350,1880,1,0.0
1574,350,1882,1,0.0
1575,350,1885,1,0.0
1576,350,1886,1,0.0
1577,350,1888,1,0.0
1578,350,1896,2,1.0
1579,350,1897,1,0.0
1580,350,1909,1,0.0
1581,350,1912,1,1.0
1582,350,1913,1,1.0
1583,350,1914,2,0.0
1584,350,1915,1,0.0
1585,350,1916,2,1.0
1586,350,1917,1,1.0
1587,350,1918,1,0.0
1588,350,1919,1,1.0
1589,350,1922,1,0.0
1590,350,1923,1,0.0
1591,350,1925,2,0.0
1592,350,1928,1,1.0
1593,350,1931,1,1.0
1594,350,1940,3,1.0
1595,350,1941,1,0.0
1596,350,1946,1,0.0
1597,350,1948,1,1.0
1598,350,1949,1,1.0
1599,350,1950,1,0.0
1600,350,1951,1,1.0
1601,350,1952,1,1.0
1602,350,1958,1,0.0
1603,350,1963,1,1.0
1604,350,1967,1,0.0
1605,350,1974,3,1.0
1606,350,1975,1,0.0
1607,350,1976,2,0.0
1608,350,1978,1,0.0
1609,350,1981,1,0.0
1610,350,1982,2,0.0
1611,350,1983,1,0.0
1612,350,1984,1,0.0
1613,350,1986,2,1.0
1614,350,1987,2,0.0
1615,350,1989,1,0.0
1616,350,1990,1,1.0
1617,350,1992,1,0.0
1618,350,1994,2,1.0
1619,350,1995,1,1.0
1620,350,1996,1,1.0
1621,350,1997,3,0.0
1622,350,1998,1,1.0
1623,350,1999,3,2.0
1624,350,2000,5,1.0
1625,350,2001,2,1.0
1626,350,2002,2,0.0
1627,350,2004,1,0.0
1628,350,2006,1,0.0
1629,350,2007,1,0.0
1630,350,2010,1,0.0
1631,352,1965,2,0.0
1632,352,1967,1,0.0
1633,352,1974,1,1.0
1634,352,1978,1,0.0
1635,352,1983,1,1.0
1636,352,1984,1,0.0
1637,352,1985,1,0.0
1638,352,1986,2,0.0
1639,352,1987,3,0.0
1640,352,1988,2,2.0
1641,352,1993,2,1.0
1642,352,1994,1,0.0
1643,352,1996,1,1.0
1644,352,2002,1,0.0
1645,355,1908,1,0.0
1646,355,1912,2,1.0
1647,355,1913,1,1.0
1648,355,1914,2,0.0
1649,355,1915,3,1.0
1650,355,1916,1,0.0
1651,355,1923,1,0.0
1652,355,1925,1,0.0
1653,355,1926,1,0.0
1654,355,1928,1,1.0
1655,355,1929,1,0.0
1656,355,1931,1,1.0
1657,355,1935,1,0.0
1658,355,1940,5,0.0
1659,355,1941,10,1.0
1660,355,1944,4,1.0
1661,355,1950,2,1.0
1662,355,1952,3,2.0
1663,355,1955,1,0.0
1664,355,1968,1,0.0
1665,355,1971,1,0.0
1666,355,1977,1,0.0
1667,355,1986,1,0.0
1668,355,1987,2,0.0
1669,355,1996,1,0.0
1670,355,2000,2,0.0
1671,355,2008,1,0.0
1672,359,1992,1,0.0
1673,359,1993,1,0.0
1674,359,2003,1,0.0
1675,359,2009,1,0.0
1676,360,1883,1,0.0
1677,360,1913,1,1.0
1678,360,1914,1,0.0
1679,360,1916,2,1.0
1680,360,1918,3,1.0
1681,360,1919,1,1.0
1682,360,1922,2,0.0
1683,360,1926,1,0.0
1684,360,1939,1,0.0
1685,360,1940,8,0.0
1686,360,1941,6,1.0
1687,360,1942,1,0.0
1688,360,1944,2,1.0
1689,360,1950,1,1.0
1690,360,1952,1,1.0
1691,360,1971,1,0.0
1692,360,1987,1,0.0
1693,360,1988,1,0.0
1694,360,1993,1,0.0
1695,360,1997,1,0.0
1696,360,2000,1,0.0
1697,365,1817,2,0.0
1698,365,1821,1,0.0
1699,365,1823,1,0.0
1700,365,1826,1,0.0
1701,365,1827,2,0.0
1702,365,1833,1,0.0
1703,365,1836,1,0.0
1704,365,1840,1,0.0
1705,365,1848,1,0.0
1706,365,1849,1,0.0
1707,365,1850,1,0.0
1708,365,1853,2,0.0
1709,365,1854,1,0.0
1710,365,1861,1,0.0
1711,365,1862,1,0.0
1712,365,1870,1,0.0
1713,365,1871,2,0.0
1714,365,1876,3,1.0
1715,365,1877,1,0.0
1716,365,1878,1,0.0
1717,365,1880,2,0.0
1718,365,1885,1,0.0
1719,365,1886,1,0.0
1720,365,1887,1,0.0
1721,365,1891,1,0.0
1722,365,1895,1,0.0
1723,365,1896,1,0.0
1724,365,1897,2,0.0
1725,365,1898,2,0.0
1726,365,1899,1,0.0
1727,365,1900,3,3.0
1728,365,1902,1,0.0
1729,365,1903,2,1.0
1730,365,1904,1,0.0
1731,365,1905,1,0.0
1732,365,1908,1,0.0
1733,365,1909,1,0.0
1734,365,1910,1,0.0
1735,365,1911,2,0.0
1736,365,1912,4,0.0
1737,365,1914,3,1.0
1738,365,1915,2,0.0
1739,365,1916,1,0.0
1740,365,1917,4,0.0
1741,365,1918,9,1.0
1742,365,1919,7,1.0
1743,365,1920,5,0.0
1744,365,1921,5,0.0
1745,365,1922,2,0.0
1746,365,1923,1,0.0
1747,365,1925,1,0.0
1748,365,1926,2,1.0
1749,365,1927,1,0.0
1750,365,1929,1,1.0
1751,365,1932,1,0.0
1752,365,1933,2,0.0
1753,365,1934,1,0.0
1754,365,1935,1,0.0
1755,365,1936,3,1.0
1756,365,1937,4,1.0
1757,365,1938,3,1.0
1758,365,1939,8,3.0
1759,365,1940,10,0.0
1760,365,1941,5,1.0
1761,365,1943,2,0.0
1762,365,1944,2,0.0
1763,365,1945,4,0.0
1764,365,1946,1,0.0
1765,365,1947,1,0.0
1766,365,1948,1,0.0
1767,365,1949,3,1.0
1768,365,1950,1,0.0
1769,365,1951,2,0.0
1770,365,1952,3,1.0
1771,365,1953,3,1.0
1772,365,1954,3,1.0
1773,365,1955,2,0.0
1774,365,1956,5,2.0
1775,365,1957,2,1.0
1776,365,1958,6,0.0
1777,365,1959,6,1.0
1778,365,1960,5,0.0
1779,365,1961,4,0.0
1780,365,1962,7,1.0
1781,365,1963,5,0.0
1782,365,1964,8,2.0
1783,365,1965,4,0.0
1784,365,1966,2,1.0
1785,365,1967,7,0.0
1786,365,1968,8,0.0
1787,365,1969,4,2.0
1788,365,1970,3,2.0
1789,365,1971,2,0.0
1790,365,1972,1,0.0
1791,365,1973,2,0.0
1792,365,1974,3,0.0
1793,365,1975,1,0.0
1794,365,1976,1,0.0
1795,365,1977,4,0.0
1796,365,1978,7,2.0
1797,365,1979,3,1.0
1798,365,1980,6,1.0
1799,365,1981,2,0.0
1800,365,1982,6,0.0
1801,365,1983,5,0.0
1802,365,1984,3,0.0
1803,365,1985,1,1.0
1804,365,1986,4,1.0
1805,365,1987,3,0.0
1806,365,1992,5,1.0
1807,365,1993,7,2.0
1808,365,1994,4,0.0
1809,365,1995,1,0.0
1810,365,1996,3,0.0
1811,365,1997,4,0.0
1812,365,1998,4,1.0
1813,365,1999,7,1.0
1814,365,2000,7,1.0
1815,365,2001,4,1.0
1816,365,2002,2,0.0
1817,365,2003,4,0.0
1818,365,2004,1,0.0
1819,365,2005,3,0.0
1820,365,2006,2,0.0
1821,365,2007,2,1.0
1822,365,2008,3,0.0
1823,365,2009,2,0.0
1824,366,1918,1,1.0
1825,366,1919,1,1.0
1826,366,1921,1,0.0
1827,366,1939,4,0.0
1828,366,1940,1,0.0
1829,366,1992,1,0.0
1830,366,2000,2,0.0
1831,367,1919,2,1.0
1832,367,1920,1,1.0
1833,367,1921,1,0.0
1834,367,1939,2,0.0
1835,367,1940,1,0.0
1836,367,1994,1,0.0
1837,367,1998,1,0.0
1838,368,1918,1,0.0
1839,368,1919,1,0.0
1840,368,1920,1,1.0
1841,368,1921,1,0.0
1842,368,1923,1,0.0
1843,368,1938,1,1.0
1844,368,1939,1,0.0
1845,368,1940,1,0.0
1846,368,1995,1,0.0
1847,368,1998,1,1.0
1848,368,2000,3,0.0
1849,368,2001,1,0.0
1850,369,1992,1,0.0
1851,369,1994,1,0.0
1852,369,1996,1,0.0
1853,369,1997,1,0.0
1854,369,2000,2,0.0
1855,369,2003,1,0.0
1856,369,2005,1,0.0
1857,369,2008,1,0.0
1858,369,2009,1,0.0
1859,370,2001,1,0.0
1860,371,1992,1,1.0
1861,371,1994,1,1.0
1862,371,1995,1,0.0
1863,371,1996,1,1.0
1864,371,1998,1,1.0
1865,371,2000,2,1.0
1866,371,2001,2,0.0
1867,371,2002,1,1.0
1868,371,2006,1,0.0
1869,372,1992,1,1.0
1870,372,1996,1,0.0
1871,372,1997,1,0.0
1872,372,1999,1,0.0
1873,372,2000,2,0.0
1874,372,2001,1,0.0
1875,372,2003,2,0.0
1876,372,2004,1,0.0
1877,372,2005,1,0.0
1878,372,2007,1,1.0
1879,373,1992,1,1.0
1880,373,1995,1,0.0
1881,373,1996,2,1.0
1882,373,1998,1,1.0
1883,373,1999,1,0.0
1884,373,2000,3,0.0
1885,373,2001,3,0.0
1886,373,2002,3,1.0
1887,373,2003,1,0.0
1888,375,1919,1,0.0
1889,375,1939,3,1.0
1890,375,1941,2,1.0
1891,375,1944,1,1.0
1892,375,1954,1,0.0
1893,375,1963,1,0.0
1894,375,2000,2,0.0
1895,375,2007,1,0.0
1896,380,1848,1,0.0
1897,380,1914,1,0.0
1898,380,1915,2,0.0
1899,380,1917,1,0.0
1900,380,1918,1,0.0
1901,380,1939,1,0.0
1902,380,1940,3,0.0
1903,380,1941,1,0.0
1904,380,1942,2,0.0
1905,380,1943,1,0.0
1906,380,1952,1,0.0
1907,380,1955,1,0.0
1908,380,1964,1,0.0
1909,380,1981,1,0.0
1910,380,1982,1,0.0
1911,380,1983,1,0.0
1912,380,1987,2,0.0
1913,380,1992,1,0.0
1914,380,2000,2,0.0
1915,385,1911,1,0.0
1916,385,1914,2,0.0
1917,385,1915,1,0.0
1918,385,1939,1,0.0
1919,385,1940,2,1.0
1920,385,1948,1,0.0
1921,385,1956,2,0.0
1922,385,1957,1,0.0
1923,385,1960,1,0.0
1924,385,1969,1,0.0
1925,385,1973,1,0.0
1926,385,1978,1,0.0
1927,385,1980,1,0.0
1928,385,1981,1,0.0
1929,385,1983,1,0.0
1930,385,1984,1,0.0
1931,385,1987,3,0.0
1932,385,1998,2,1.0
1933,385,1999,2,0.0
1934,385,2000,2,0.0
1935,385,2001,2,0.0
1936,385,2005,1,0.0
1937,385,2008,1,0.0
1938,390,1848,1,0.0
1939,390,1863,1,0.0
1940,390,1914,1,0.0
1941,390,1915,1,0.0
1942,390,1937,1,0.0
1943,390,1940,2,1.0
1944,390,1953,1,0.0
1945,390,1959,1,0.0
1946,390,1961,2,0.0
1947,390,1964,1,0.0
1948,390,1969,1,0.0
1949,390,1981,2,0.0
1950,390,1985,1,0.0
1951,390,1987,1,0.0
1952,390,1992,1,0.0
1953,390,1998,1,1.0
1954,390,1999,1,0.0
1955,390,2000,2,0.0
1956,390,2003,1,0.0
1957,390,2004,1,0.0
1958,390,2005,1,0.0
1959,395,1949,1,0.0
1960,395,1958,1,0.0
1961,395,1960,1,0.0
1962,395,1972,1,1.0
1963,395,1974,1,0.0
1964,395,1975,1,0.0
1965,395,1998,1,1.0
1966,395,2000,2,0.0
1967,404,1990,1,1.0
1968,404,1992,1,0.0
1969,411,1969,1,0.0
1970,411,1972,1,0.0
1971,411,2000,1,0.0
1972,420,1971,1,0.0
1973,420,1974,1,0.0
1974,420,2002,1,0.0
1975,432,1962,1,0.0
1976,432,1974,1,1.0
1977,432,1985,1,1.0
1978,432,1986,1,0.0
1979,432,1993,1,1.0
1980,432,2003,2,0.0
1981,433,1961,1,0.0
1982,433,1963,1,0.0
1983,433,1969,1,0.0
1984,433,1971,1,0.0
1985,433,1972,1,1.0
1986,433,1973,1,0.0
1987,433,1974,1,0.0
1988,433,1989,2,1.0
1989,433,1990,2,2.0
1990,433,1992,1,0.0
1991,433,2002,1,0.0
1992,434,1961,1,0.0
1993,434,1963,1,0.0
1994,434,2000,1,0.0
1995,435,1962,1,0.0
1996,435,1975,1,0.0
1997,435,1980,1,0.0
1998,435,1981,1,0.0
1999,435,1987,1,0.0
2000,435,1989,2,1.0
2001,435,2003,1,0.0
2002,436,1963,1,0.0
2003,436,1990,1,1.0
2004,436,1993,2,2.0
2005,436,2000,1,0.0
2006,437,1966,1,1.0
2007,437,1967,1,0.0
2008,437,1990,1,0.0
2009,437,1993,1,0.0
2010,437,1996,1,0.0
2011,437,2002,1,0.0
2012,437,2004,1,1.0
2013,437,2005,1,0.0
2014,438,1962,1,0.0
2015,438,1966,4,1.0
2016,438,1967,1,0.0
2017,438,1970,2,0.0
2018,438,1973,1,0.0
2019,438,1996,1,0.0
2020,438,1997,1,0.0
2021,438,1999,1,0.0
2022,438,2000,1,1.0
2023,438,2001,1,0.0
2024,439,1974,1,1.0
2025,439,1985,1,1.0
2026,439,1986,1,0.0
2027,450,1944,1,0.0
2028,450,1984,2,0.0
2029,450,1986,1,0.0
2030,450,1987,1,0.0
2031,450,1988,1,0.0
2032,450,1990,1,0.0
2033,450,1991,1,0.0
2034,450,1998,2,0.0
2035,450,1999,2,0.0
2036,450,2000,1,1.0
2037,450,2001,1,0.0
2038,450,2002,2,0.0
2039,451,1990,1,1.0
2040,451,1991,1,0.0
2041,451,1997,1,0.0
2042,451,1999,1,0.0
2043,451,2001,2,0.0
2044,451,2002,1,0.0
2045,452,1960,1,0.0
2046,452,1961,1,0.0
2047,452,1962,1,0.0
2048,452,1965,1,1.0
2049,452,1966,3,1.0
2050,452,1968,1,0.0
2051,452,1977,1,0.0
2052,452,1982,1,0.0
2053,452,1993,1,0.0
2054,452,1994,2,0.0
2055,452,1997,1,0.0
2056,452,2005,1,0.0
2057,461,1961,1,0.0
2058,461,1962,1,0.0
2059,461,1965,1,1.0
2060,461,1977,1,0.0
2061,461,1982,1,0.0
2062,461,1993,1,0.0
2063,461,1994,2,0.0
2064,461,2005,1,0.0
2065,471,1976,1,0.0
2066,471,1981,2,1.0
2067,471,1987,1,0.0
2068,471,1994,1,1.0
2069,471,1995,1,0.0
2070,471,1996,1,1.0
2071,471,1998,1,0.0
2072,471,2001,1,0.0
2073,471,2005,1,1.0
2074,475,1981,2,1.0
2075,475,1983,1,1.0
2076,475,1987,1,0.0
2077,475,1993,1,0.0
2078,475,1994,1,1.0
2079,475,1995,2,0.0
2080,475,1996,1,1.0
2081,475,1997,1,0.0
2082,475,1998,2,0.0
2083,475,1999,1,0.0
2084,475,2005,1,1.0
2085,481,1964,1,1.0
2086,481,1972,1,0.0
2087,481,1976,1,0.0
2088,482,1969,1,0.0
2089,482,1977,1,1.0
2090,482,2001,2,0.0
2091,483,1966,1,0.0
2092,483,1969,1,0.0
2093,483,1976,1,0.0
2094,483,1977,1,0.0
2095,483,1981,1,0.0
2096,483,1983,2,1.0
2097,483,1986,1,0.0
2098,483,1993,1,1.0
2099,483,1994,1,0.0
2100,483,1995,1,0.0
2101,483,1998,1,1.0
2102,483,2001,1,0.0
2103,483,2004,1,1.0
2104,483,2005,1,0.0
2105,483,2006,1,1.0
2106,483,2007,1,0.0
2107,483,2009,1,1.0
2108,484,1963,1,0.0
2109,484,1965,1,0.0
2110,484,1967,1,0.0
2111,484,1969,2,0.0
2112,484,1971,1,0.0
2113,484,1977,1,1.0
2114,484,1980,1,0.0
2115,484,1987,1,0.0
2116,484,1993,1,0.0
2117,484,1995,1,1.0
2118,484,1997,2,0.0
2119,490,1960,2,0.0
2120,490,1963,1,0.0
2121,490,1965,2,0.0
2122,490,1966,1,0.0
2123,490,1967,1,0.0
2124,490,1969,2,0.0
2125,490,1971,2,1.0
2126,490,1975,1,0.0
2127,490,1977,3,1.0
2128,490,1978,1,0.0
2129,490,1980,2,0.0
2130,490,1982,1,1.0
2131,490,1983,2,0.0
2132,490,1987,2,1.0
2133,490,1990,1,0.0
2134,490,1991,1,0.0
2135,490,1993,2,0.0
2136,490,1994,2,0.0
2137,490,1996,2,1.0
2138,490,1997,2,0.0
2139,490,1998,1,1.0
2140,490,2002,4,0.0
2141,490,2004,2,0.0
2142,490,2005,2,0.0
2143,490,2006,1,1.0
2144,490,2007,2,1.0
2145,490,2009,1,0.0
2146,500,1965,2,0.0
2147,500,1968,1,0.0
2148,500,1971,4,1.0
2149,500,1972,1,1.0
2150,500,1973,2,0.0
2151,500,1974,2,0.0
2152,500,1975,1,0.0
2153,500,1976,2,1.0
2154,500,1977,2,2.0
2155,500,1978,1,1.0
2156,500,1987,2,2.0
2157,500,1989,2,2.0
2158,500,1991,1,0.0
2159,500,1994,1,0.0
2160,500,1995,2,0.0
2161,500,1996,1,0.0
2162,500,1997,2,0.0
2163,500,1998,2,1.0
2164,500,1999,1,0.0
2165,500,2000,1,0.0
2166,500,2001,2,0.0
2167,500,2002,1,1.0
2168,500,2003,1,0.0
2169,500,2004,1,1.0
2170,500,2005,1,0.0
2171,500,2006,1,1.0
2172,500,2007,1,1.0
2173,500,2010,2,1.0
2174,501,1963,1,0.0
2175,501,1965,1,0.0
2176,501,1967,1,1.0
2177,501,1973,1,0.0
2178,501,1975,1,0.0
2179,501,1976,1,0.0
2180,501,1977,2,0.0
2181,501,1978,1,0.0
2182,501,1987,1,1.0
2183,501,1989,2,1.0
2184,501,1995,2,0.0
2185,501,1997,1,0.0
2186,501,1999,1,1.0
2187,501,2002,2,1.0
2188,501,2003,1,0.0
2189,501,2004,1,0.0
2190,501,2005,2,0.0
2191,501,2006,2,1.0
2192,501,2008,1,0.0
2193,501,2009,1,0.0
2194,501,2010,1,1.0
2195,510,1971,1,1.0
2196,510,1972,2,1.0
2197,510,1973,2,0.0
2198,510,1974,1,0.0
2199,510,1977,4,2.0
2200,510,1978,1,1.0
2201,510,1995,1,0.0
2202,510,1997,1,0.0
2203,510,2000,1,0.0
2204,510,2002,1,0.0
2205,516,1964,1,0.0
2206,516,1972,1,0.0
2207,516,1973,2,0.0
2208,516,1995,1,0.0
2209,516,1997,1,0.0
2210,516,2000,1,0.0
2211,516,2002,1,0.0
2212,516,2004,2,0.0
2213,516,2006,1,0.0
2214,516,2007,1,0.0
2215,517,1964,1,0.0
2216,517,1971,1,0.0
2217,517,1972,1,0.0
2218,517,1973,1,0.0
2219,517,1991,1,0.0
2220,517,1996,1,1.0
2221,517,1998,1,1.0
2222,517,1999,1,0.0
2223,517,2000,1,0.0
2224,517,2001,1,0.0
2225,517,2002,2,0.0
2226,517,2004,3,1.0
2227,517,2006,1,0.0
2228,517,2010,1,0.0
2229,520,1960,1,0.0
2230,520,1961,1,0.0
2231,520,1963,2,1.0
2232,520,1965,1,0.0
2233,520,1966,2,1.0
2234,520,1967,1,1.0
2235,520,1973,1,0.0
2236,520,1974,1,1.0
2237,520,1975,1,1.0
2238,520,1976,1,1.0
2239,520,1977,2,1.0
2240,520,1978,1,0.0
2241,520,1980,1,1.0
2242,520,1981,1,0.0
2243,520,1982,1,1.0
2244,520,1984,2,1.0
2245,520,1985,1,1.0
2246,520,1987,1,1.0
2247,520,1989,1,0.0
2248,520,2002,1,0.0
2249,520,2005,2,0.0
2250,520,2006,2,0.0
2251,520,2008,4,1.0
2252,520,2009,1,0.0
2253,522,1986,1,0.0
2254,522,1995,1,0.0
2255,522,1998,1,0.0
2256,522,2008,1,1.0
2257,530,1923,1,0.0
2258,530,1930,1,0.0
2259,530,1931,1,0.0
2260,530,1934,1,1.0
2261,530,1941,1,1.0
2262,530,1942,1,0.0
2263,530,1951,1,1.0
2264,530,1960,1,0.0
2265,530,1961,1,0.0
2266,530,1963,1,1.0
2267,530,1965,1,0.0
2268,530,1966,1,1.0
2269,530,1967,2,1.0
2270,530,1973,1,0.0
2271,530,1974,1,1.0
2272,530,1975,2,1.0
2273,530,1977,2,1.0
2274,530,1978,1,0.0
2275,530,1979,1,0.0
2276,530,1980,1,1.0
2277,530,1982,1,1.0
2278,530,1983,1,0.0
2279,530,1984,2,1.0
2280,530,1985,1,1.0
2281,530,1986,1,0.0
2282,530,1987,2,1.0
2283,530,1988,1,0.0
2284,530,1994,1,1.0
2285,530,1997,1,0.0
2286,530,1998,1,1.0
2287,530,1999,1,1.0
2288,530,2002,3,0.0
2289,530,2003,2,1.0
2290,530,2004,1,0.0
2291,530,2005,4,0.0
2292,530,2006,3,1.0
2293,530,2007,1,0.0
2294,530,2008,3,1.0
2295,530,2010,1,1.0
2296,531,1994,1,0.0
2297,531,1995,2,0.0
2298,531,1996,1,0.0
2299,531,1997,1,0.0
2300,531,1998,2,1.0
2301,531,1999,1,0.0
2302,531,2002,2,0.0
2303,531,2003,1,1.0
2304,531,2004,1,0.0
2305,531,2005,3,0.0
2306,531,2006,1,0.0
2307,531,2007,1,0.0
2308,531,2008,1,1.0
2309,531,2010,2,1.0
2310,540,1975,1,0.0
2311,540,1977,1,1.0
2312,540,1978,2,0.0
2313,540,1979,1,0.0
2314,540,1988,1,0.0
2315,540,1994,1,0.0
2316,540,1995,1,1.0
2317,540,1997,2,0.0
2318,540,1998,1,1.0
2319,540,2001,1,1.0
2320,540,2002,1,0.0
2321,540,2005,1,0.0
2322,540,2009,1,0.0
2323,541,1975,1,0.0
2324,541,1983,1,1.0
2325,541,1986,1,0.0
2326,541,1987,2,0.0
2327,541,1994,1,0.0
2328,551,1965,1,0.0
2329,551,1966,2,0.0
2330,551,1968,1,0.0
2331,551,1969,1,0.0
2332,551,1970,1,0.0
2333,551,1971,3,1.0
2334,551,1972,1,0.0
2335,551,1973,3,1.0
2336,551,1974,3,0.0
2337,551,1976,2,0.0
2338,551,1977,3,1.0
2339,551,1978,1,0.0
2340,551,1980,1,0.0
2341,551,1982,1,1.0
2342,551,1983,1,0.0
2343,551,1986,2,0.0
2344,551,1987,1,0.0
2345,551,1990,1,0.0
2346,551,1994,1,0.0
2347,551,2001,1,1.0
2348,551,2004,1,0.0
2349,552,1965,1,0.0
2350,552,1966,2,0.0
2351,552,1969,2,0.0
2352,552,1970,1,0.0
2353,552,1973,1,1.0
2354,552,1974,2,0.0
2355,552,1975,2,0.0
2356,552,1976,1,1.0
2357,552,1977,2,0.0
2358,552,1978,2,1.0
2359,552,1979,1,0.0
2360,552,1986,2,0.0
2361,552,1988,1,0.0
2362,552,1998,1,1.0
2363,552,2002,1,0.0
2364,553,1973,1,0.0
2365,553,1986,1,0.0
2366,560,1939,1,1.0
2367,560,1968,1,0.0
2368,560,1970,1,0.0
2369,560,1971,1,0.0
2370,560,1973,2,1.0
2371,560,1974,2,0.0
2372,560,1975,2,0.0
2373,560,1977,2,1.0
2374,560,1978,1,0.0
2375,560,1982,1,0.0
2376,560,1983,1,1.0
2377,560,1984,1,0.0
2378,560,1985,1,0.0
2379,560,1986,4,0.0
2380,560,1987,3,0.0
2381,560,1988,3,0.0
2382,560,1994,2,0.0
2383,565,1997,1,0.0
2384,565,1998,1,1.0
2385,570,1982,1,0.0
2386,570,1994,2,0.0
2387,571,1969,1,0.0
2388,571,1974,1,0.0
2389,571,1975,1,0.0
2390,571,1976,1,1.0
2391,571,1977,1,0.0
2392,571,1978,2,1.0
2393,571,1984,1,0.0
2394,571,1985,1,0.0
2395,571,1986,1,0.0
2396,571,1987,1,0.0
2397,571,1988,2,0.0
2398,571,1997,1,0.0
2399,572,1986,1,0.0
2400,572,1988,1,0.0
2401,572,1994,1,0.0
2402,580,1966,1,0.0
2403,581,1989,1,0.0
2404,600,1859,1,0.0
2405,600,1893,1,0.0
2406,600,1904,1,0.0
2407,600,1907,1,0.0
2408,600,1909,1,1.0
2409,600,1911,2,0.0
2410,600,1957,1,0.0
2411,600,1960,1,0.0
2412,600,1961,2,0.0
2413,600,1962,1,1.0
2414,600,1963,1,1.0
2415,600,1972,1,0.0
2416,600,1973,1,0.0
2417,600,1975,2,0.0
2418,600,1977,1,1.0
2419,600,1978,1,0.0
2420,600,1979,2,0.0
2421,600,1980,4,0.0
2422,600,1981,1,0.0
2423,600,1984,1,1.0
2424,600,1987,1,0.0
2425,600,1990,1,1.0
2426,600,2000,2,0.0
2427,600,2002,1,0.0
2428,615,1962,1,1.0
2429,615,1963,1,1.0
2430,615,1968,1,0.0
2431,615,1970,1,0.0
2432,615,1975,1,0.0
2433,615,1979,1,0.0
2434,615,1980,1,0.0
2435,615,1984,1,1.0
2436,615,2003,1,0.0
2437,616,1957,1,1.0
2438,616,1958,1,0.0
2439,616,1959,1,1.0
2440,616,1960,1,1.0
2441,616,1961,2,1.0
2442,616,1977,1,0.0
2443,616,1980,2,0.0
2444,616,1985,2,0.0
2445,620,1972,2,1.0
2446,620,1973,2,0.0
2447,620,1975,1,0.0
2448,620,1976,1,0.0
2449,620,1977,3,1.0
2450,620,1978,2,0.0
2451,620,1979,3,1.0
2452,620,1980,4,0.0
2453,620,1981,2,0.0
2454,620,1982,2,0.0
2455,620,1983,4,0.0
2456,620,1984,2,0.0
2457,620,1985,2,0.0
2458,620,1986,3,0.0
2459,620,1988,1,0.0
2460,620,1994,1,0.0
2461,620,2002,1,0.0
2462,625,1958,1,0.0
2463,625,1961,1,0.0
2464,625,1966,1,0.0
2465,625,1967,1,0.0
2466,625,1968,1,0.0
2467,625,1971,2,0.0
2468,625,1972,1,0.0
2469,625,1974,1,0.0
2470,625,1975,1,0.0
2471,625,1977,1,0.0
2472,625,1979,2,0.0
2473,625,1981,1,0.0
2474,625,1983,3,0.0
2475,625,1984,1,0.0
2476,625,1986,1,0.0
2477,625,1987,1,0.0
2478,625,1988,1,0.0
2479,625,1989,1,1.0
2480,625,1991,1,0.0
2481,625,1993,1,0.0
2482,625,1994,4,1.0
2483,625,1995,1,1.0
2484,625,1996,2,0.0
2485,625,1997,2,0.0
2486,625,1998,2,0.0
2487,625,2001,1,0.0
2488,625,2002,1,0.0
2489,625,2003,1,0.0
2490,625,2004,2,1.0
2491,625,2005,1,0.0
2492,625,2006,1,1.0
2493,625,2007,1,0.0
2494,625,2008,1,0.0
2495,625,2009,1,1.0
2496,630,1856,1,0.0
2497,630,1907,1,0.0
2498,630,1908,1,0.0
2499,630,1909,1,0.0
2500,630,1910,1,0.0
2501,630,1911,1,0.0
2502,630,1914,1,0.0
2503,630,1918,1,0.0
2504,630,1920,1,0.0
2505,630,1921,1,0.0
2506,630,1933,1,0.0
2507,630,1934,2,0.0
2508,630,1940,1,0.0
2509,630,1941,1,0.0
2510,630,1943,1,0.0
2511,630,1945,2,0.0
2512,630,1946,1,0.0
2513,630,1951,2,0.0
2514,630,1953,1,0.0
2515,630,1959,2,1.0
2516,630,1961,2,0.0
2517,630,1963,1,0.0
2518,630,1965,1,1.0
2519,630,1966,1,0.0
2520,630,1969,2,1.0
2521,630,1970,1,0.0
2522,630,1971,2,2.0
2523,630,1973,1,1.0
2524,630,1974,2,2.0
2525,630,1976,1,0.0
2526,630,1978,1,1.0
2527,630,1979,4,1.0
2528,630,1980,3,1.0
2529,630,1981,3,1.0
2530,630,1982,2,0.0
2531,630,1983,3,0.0
2532,630,1984,7,0.0
2533,630,1985,11,0.0
2534,630,1986,9,0.0
2535,630,1987,26,1.0
2536,630,1988,8,0.0
2537,630,1989,3,1.0
2538,630,1991,1,0.0
2539,630,1992,2,0.0
2540,630,1993,3,1.0
2541,630,1994,2,1.0
2542,630,1995,1,0.0
2543,630,1996,2,0.0
2544,630,1997,3,0.0
2545,630,1998,1,0.0
2546,630,1999,3,0.0
2547,630,2001,2,0.0
2548,630,2002,2,0.0
2549,630,2003,3,1.0
2550,630,2004,6,2.0
2551,630,2005,1,1.0
2552,630,2006,1,0.0
2553,630,2007,4,1.0
2554,630,2008,2,0.0
2555,630,2009,4,1.0
2556,630,2010,3,1.0
2557,640,1817,2,0.0
2558,640,1821,1,0.0
2559,640,1825,1,0.0
2560,640,1826,1,0.0
2561,640,1827,2,0.0
2562,640,1828,1,0.0
2563,640,1829,1,0.0
2564,640,1833,1,0.0
2565,640,1849,1,0.0
2566,640,1852,1,0.0
2567,640,1853,2,0.0
2568,640,1854,1,0.0
2569,640,1866,1,0.0
2570,640,1868,1,0.0
2571,640,1876,3,1.0
2572,640,1877,1,0.0
2573,640,1878,2,0.0
2574,640,1880,1,0.0
2575,640,1881,1,0.0
2576,640,1882,1,0.0
2577,640,1885,1,0.0
2578,640,1887,1,0.0
2579,640,1888,1,0.0
2580,640,1889,1,0.0
2581,640,1895,1,0.0
2582,640,1896,1,1.0
2583,640,1897,1,0.0
2584,640,1898,1,0.0
2585,640,1902,1,0.0
2586,640,1905,1,0.0
2587,640,1906,1,0.0
2588,640,1907,1,0.0
2589,640,1908,2,0.0
2590,640,1909,1,0.0
2591,640,1910,1,0.0
2592,640,1911,1,1.0
2593,640,1912,1,1.0
2594,640,1913,2,1.0
2595,640,1914,4,1.0
2596,640,1915,2,0.0
2597,640,1916,2,0.0
2598,640,1918,1,0.0
2599,640,1919,3,2.0
2600,640,1920,1,0.0
2601,640,1921,1,0.0
2602,640,1922,1,0.0
2603,640,1924,1,0.0
2604,640,1925,2,0.0
2605,640,1934,2,1.0
2606,640,1935,1,0.0
2607,640,1937,1,0.0
2608,640,1938,1,0.0
2609,640,1940,4,0.0
2610,640,1944,2,0.0
2611,640,1945,1,0.0
2612,640,1950,1,1.0
2613,640,1952,1,0.0
2614,640,1955,2,1.0
2615,640,1957,1,1.0
2616,640,1958,3,0.0
2617,640,1959,1,0.0
2618,640,1960,1,0.0
2619,640,1962,4,2.0
2620,640,1963,1,1.0
2621,640,1965,4,1.0
2622,640,1967,1,0.0
2623,640,1974,3,1.0
2624,640,1975,1,0.0
2625,640,1976,2,0.0
2626,640,1978,1,0.0
2627,640,1981,2,1.0
2628,640,1982,1,0.0
2629,640,1984,2,0.0
2630,640,1985,1,0.0
2631,640,1986,5,1.0
2632,640,1987,5,1.0
2633,640,1988,2,2.0
2634,640,1989,2,0.0
2635,640,1990,1,1.0
2636,640,1991,1,0.0
2637,640,1992,1,0.0
2638,640,1993,4,2.0
2639,640,1994,2,0.0
2640,640,1995,2,1.0
2641,640,1996,5,1.0
2642,640,1997,4,0.0
2643,640,1998,2,1.0
2644,640,1999,6,1.0
2645,640,2000,6,1.0
2646,640,2001,4,2.0
2647,640,2002,2,0.0
2648,640,2003,1,0.0
2649,640,2004,3,1.0
2650,640,2005,1,0.0
2651,640,2006,2,0.0
2652,640,2007,2,1.0
2653,640,2008,1,0.0
2654,640,2010,1,0.0
2655,645,1934,1,0.0
2656,645,1941,1,0.0
2657,645,1943,1,0.0
2658,645,1948,1,1.0
2659,645,1949,1,0.0
2660,645,1953,1,0.0
2661,645,1957,1,1.0
2662,645,1958,3,0.0
2663,645,1959,3,1.0
2664,645,1961,2,0.0
2665,645,1962,2,1.0
2666,645,1965,2,1.0
2667,645,1966,1,0.0
2668,645,1967,2,1.0
2669,645,1969,2,1.0
2670,645,1970,2,1.0
2671,645,1971,2,2.0
2672,645,1972,1,1.0
2673,645,1973,3,2.0
2674,645,1974,2,2.0
2675,645,1975,1,0.0
2676,645,1976,1,0.0
2677,645,1979,2,1.0
2678,645,1980,1,1.0
2679,645,1981,2,0.0
2680,645,1982,3,0.0
2681,645,1983,1,0.0
2682,645,1984,9,0.0
2683,645,1985,8,0.0
2684,645,1986,3,0.0
2685,645,1987,10,1.0
2686,645,1988,5,0.0
2687,645,1989,2,1.0
2688,645,1990,2,1.0
2689,645,1991,5,0.0
2690,645,1992,3,1.0
2691,645,1993,2,0.0
2692,645,1994,3,0.0
2693,645,1995,1,0.0
2694,645,1996,4,0.0
2695,645,1997,2,1.0
2696,645,1999,4,0.0
2697,645,2000,2,0.0
2698,645,2001,1,1.0
2699,645,2002,1,0.0
2700,645,2003,2,1.0
2701,645,2004,1,0.0
2702,645,2005,3,1.0
2703,645,2006,1,0.0
2704,645,2007,2,1.0
2705,645,2009,2,0.0
2706,645,2010,1,1.0
2707,651,1882,1,1.0
2708,651,1940,1,0.0
2709,651,1941,1,0.0
2710,651,1942,1,0.0
2711,651,1943,1,0.0
2712,651,1945,1,0.0
2713,651,1948,2,1.0
2714,651,1949,1,0.0
2715,651,1950,1,0.0
2716,651,1951,3,2.0
2717,651,1952,1,0.0
2718,651,1953,1,1.0
2719,651,1955,1,1.0
2720,651,1956,1,0.0
2721,651,1957,2,2.0
2722,651,1958,7,3.0
2723,651,1959,7,0.0
2724,651,1960,2,0.0
2725,651,1961,3,1.0
2726,651,1962,2,0.0
2727,651,1963,1,0.0
2728,651,1964,3,0.0
2729,651,1965,1,0.0
2730,651,1966,3,0.0
2731,651,1967,3,2.0
2732,651,1968,1,0.0
2733,651,1970,1,0.0
2734,651,1971,1,1.0
2735,651,1973,2,0.0
2736,651,1974,1,0.0
2737,651,1975,2,0.0
2738,651,1977,3,2.0
2739,651,1978,3,0.0
2740,651,1979,2,0.0
2741,651,1980,1,0.0
2742,651,1981,2,0.0
2743,651,1983,4,1.0
2744,651,1984,1,0.0
2745,651,1985,1,0.0
2746,651,1989,1,0.0
2747,651,1990,1,1.0
2748,651,1991,1,0.0
2749,651,1993,2,0.0
2750,651,1994,1,0.0
2751,651,1995,1,1.0
2752,651,1996,1,0.0
2753,651,1999,1,1.0
2754,651,2004,1,0.0
2755,651,2006,1,1.0
2756,651,2009,1,0.0
2757,652,1948,1,1.0
2758,652,1949,3,0.0
2759,652,1950,3,2.0
2760,652,1951,2,1.0
2761,652,1952,2,0.0
2762,652,1953,2,1.0
2763,652,1954,4,2.0
2764,652,1955,5,2.0
2765,652,1957,1,1.0
2766,652,1958,3,0.0
2767,652,1961,3,2.0
2768,652,1962,3,2.0
2769,652,1963,4,2.0
2770,652,1964,2,2.0
2771,652,1965,3,1.0
2772,652,1966,4,3.0
2773,652,1967,1,0.0
2774,652,1968,1,0.0
2775,652,1969,1,0.0
2776,652,1970,1,1.0
2777,652,1971,2,1.0
2778,652,1973,2,0.0
2779,652,1974,1,0.0
2780,652,1975,1,0.0
2781,652,1976,2,0.0
2782,652,1978,1,0.0
2783,652,1979,1,1.0
2784,652,1980,2,1.0
2785,652,1982,4,1.0
2786,652,1983,1,0.0
2787,652,1985,1,0.0
2788,652,1987,2,0.0
2789,652,1989,2,0.0
2790,652,1990,1,1.0
2791,652,1993,1,1.0
2792,652,1994,1,1.0
2793,652,1995,1,1.0
2794,652,1996,2,1.0
2795,652,1997,1,0.0
2796,652,1998,1,0.0
2797,652,2000,1,1.0
2798,652,2003,2,1.0
2799,652,2004,2,0.0
2800,652,2005,1,0.0
2801,652,2006,1,0.0
2802,652,2007,1,0.0
2803,652,2008,1,0.0
2804,660,1948,1,1.0
2805,660,1949,1,0.0
2806,660,1959,1,0.0
2807,660,1963,2,1.0
2808,660,1965,1,0.0
2809,660,1968,1,0.0
2810,660,1969,1,0.0
2811,660,1974,1,0.0
2812,660,1977,1,0.0
2813,660,1980,1,1.0
2814,660,1982,1,1.0
2815,660,1989,1,0.0
2816,660,1993,1,1.0
2817,660,2006,1,1.0
2818,660,2009,1,0.0
2819,663,1948,2,1.0
2820,663,1949,2,1.0
2821,663,1950,1,1.0
2822,663,1955,1,1.0
2823,663,1956,1,0.0
2824,663,1957,2,2.0
2825,663,1958,1,0.0
2826,663,1959,3,1.0
2827,663,1960,1,0.0
2828,663,1961,1,0.0
2829,663,1962,2,1.0
2830,663,1963,1,1.0
2831,663,1964,1,1.0
2832,663,1966,2,1.0
2833,663,1967,2,2.0
2834,663,1970,1,1.0
2835,663,1971,2,1.0
2836,663,1980,1,0.0
2837,663,1982,1,0.0
2838,663,1990,2,2.0
2839,663,1999,1,1.0
2840,663,2000,2,0.0
2841,666,1948,1,1.0
2842,666,1949,3,1.0
2843,666,1950,5,3.0
2844,666,1951,4,2.0
2845,666,1952,3,0.0
2846,666,1953,3,2.0
2847,666,1954,4,2.0
2848,666,1955,6,3.0
2849,666,1957,3,2.0
2850,666,1958,2,1.0
2851,666,1959,4,1.0
2852,666,1960,1,0.0
2853,666,1961,3,1.0
2854,666,1962,4,2.0
2855,666,1963,4,2.0
2856,666,1964,4,3.0
2857,666,1965,4,0.0
2858,666,1966,4,2.0
2859,666,1967,5,2.0
2860,666,1968,3,0.0
2861,666,1970,3,1.0
2862,666,1971,2,1.0
2863,666,1973,4,0.0
2864,666,1974,3,0.0
2865,666,1975,2,0.0
2866,666,1976,5,1.0
2867,666,1977,2,0.0
2868,666,1978,1,0.0
2869,666,1979,2,1.0
2870,666,1980,2,1.0
2871,666,1981,3,0.0
2872,666,1982,2,1.0
2873,666,1983,2,0.0
2874,666,1985,2,0.0
2875,666,1986,1,0.0
2876,666,1987,1,0.0
2877,666,1989,1,0.0
2878,666,1990,2,1.0
2879,666,1991,1,0.0
2880,666,1993,1,1.0
2881,666,1998,1,1.0
2882,666,2002,2,1.0
2883,666,2003,4,1.0
2884,666,2004,1,0.0
2885,666,2006,3,2.0
2886,666,2007,1,0.0
2887,666,2009,3,0.0
2888,666,2010,1,0.0
2889,670,1931,2,0.0
2890,670,1933,1,1.0
2891,670,1943,1,0.0
2892,670,1955,1,0.0
2893,670,1956,2,0.0
2894,670,1957,1,0.0
2895,670,1961,1,0.0
2896,670,1962,1,0.0
2897,670,1964,1,0.0
2898,670,1965,1,0.0
2899,670,1966,1,0.0
2900,670,1967,3,1.0
2901,670,1969,2,1.0
2902,670,1973,2,2.0
2903,670,1976,1,0.0
2904,670,1980,1,1.0
2905,670,1981,1,0.0
2906,670,1983,1,0.0
2907,670,1984,2,0.0
2908,670,1985,2,0.0
2909,670,1986,2,0.0
2910,670,1987,1,0.0
2911,670,1990,1,1.0
2912,670,1992,1,0.0
2913,670,1993,1,0.0
2914,670,1994,1,1.0
2915,670,1995,1,0.0
2916,670,1997,1,0.0
2917,670,2000,1,1.0
2918,670,2002,1,0.0
2919,670,2003,1,1.0
2920,670,2005,1,0.0
2921,678,1931,2,0.0
2922,678,1933,1,1.0
2923,678,1949,1,0.0
2924,678,1956,1,0.0
2925,678,1962,2,0.0
2926,678,1963,1,1.0
2927,678,1965,1,0.0
2928,678,1966,2,0.0
2929,678,1969,1,0.0
2930,678,1971,1,0.0
2931,678,1978,1,0.0
2932,678,1980,1,1.0
2933,679,1994,1,1.0
2934,679,1995,1,0.0
2935,679,1997,2,0.0
2936,679,1999,1,0.0
2937,679,2005,2,0.0
2938,679,2010,1,0.0
2939,680,1969,1,1.0
2940,680,1971,1,0.0
2941,680,1972,1,0.0
2942,680,1973,1,0.0
2943,680,1975,1,0.0
2944,680,1976,1,0.0
2945,680,1978,1,0.0
2946,680,1980,1,0.0
2947,680,1982,1,0.0
2948,680,1983,1,0.0
2949,680,1986,1,0.0
2950,680,1987,1,1.0
2951,690,1961,1,0.0
2952,690,1967,2,1.0
2953,690,1972,1,1.0
2954,690,1975,1,0.0
2955,690,1980,1,0.0
2956,690,1981,1,0.0
2957,690,1982,1,0.0
2958,690,1984,1,0.0
2959,690,1985,3,0.0
2960,690,1986,2,0.0
2961,690,1987,1,0.0
2962,690,1990,1,1.0
2963,690,1991,1,0.0
2964,690,1992,2,1.0
2965,690,1994,1,0.0
2966,690,1996,2,0.0
2967,690,1997,1,1.0
2968,690,1999,2,0.0
2969,690,2000,1,0.0
2970,690,2002,1,1.0
2971,692,1984,1,0.0
2972,692,1986,3,0.0
2973,692,1988,1,0.0
2974,692,1991,1,1.0
2975,692,1994,1,0.0
2976,692,2003,1,1.0
2977,694,1984,1,0.0
2978,694,1986,2,0.0
2979,694,1987,1,0.0
2980,694,1991,1,1.0
2981,694,1992,1,0.0
2982,694,1995,1,0.0
2983,694,2003,1,1.0
2984,694,2004,1,0.0
2985,696,1984,1,0.0
2986,696,1986,1,0.0
2987,696,1987,1,0.0
2988,696,1988,1,0.0
2989,696,1990,1,1.0
2990,696,1992,1,0.0
2991,696,1994,1,0.0
2992,696,1999,1,1.0
2993,696,2000,2,0.0
2994,696,2003,1,1.0
2995,696,2004,1,0.0
2996,698,1972,1,0.0
2997,698,1973,1,0.0
2998,698,1975,1,0.0
2999,698,1980,1,0.0
3000,698,1981,1,0.0
3001,698,1982,1,0.0
3002,698,1984,1,0.0
3003,698,1987,1,1.0
3004,698,1991,1,1.0
3005,698,1994,1,0.0
3006,698,2003,1,1.0
3007,700,1922,1,0.0
3008,700,1925,1,0.0
3009,700,1934,1,0.0
3010,700,1939,1,0.0
3011,700,1949,1,0.0
3012,700,1950,1,1.0
3013,700,1951,1,0.0
3014,700,1955,1,0.0
3015,700,1956,1,1.0
3016,700,1960,1,0.0
3017,700,1961,1,1.0
3018,700,1974,1,0.0
3019,700,1979,2,0.0
3020,700,1980,1,0.0
3021,700,1982,1,0.0
3022,700,1983,2,0.0
3023,700,1989,1,0.0
3024,700,1993,1,1.0
3025,700,1994,1,0.0
3026,700,1995,1,0.0
3027,700,1997,1,0.0
3028,700,1998,3,1.0
3029,700,1999,2,1.0
3030,700,2001,1,1.0
3031,700,2002,1,1.0
3032,700,2006,2,1.0
3033,700,2007,1,1.0
3034,700,2008,2,1.0
3035,700,2009,1,1.0
3036,700,2010,1,0.0
3037,701,1993,1,1.0
3038,702,1993,1,1.0
3039,702,1997,1,0.0
3040,702,1998,1,0.0
3041,702,1999,1,0.0
3042,702,2001,1,1.0
3043,702,2004,1,0.0
3044,702,2005,2,0.0
3045,702,2006,1,1.0
3046,703,1993,1,1.0
3047,703,1997,1,0.0
3048,703,1999,1,0.0
3049,703,2005,3,0.0
3050,703,2006,1,0.0
3051,703,2010,1,0.0
3052,704,1993,1,1.0
3053,704,1997,1,0.0
3054,704,1998,1,0.0
3055,704,1999,2,0.0
3056,704,2000,1,1.0
3057,704,2001,1,1.0
3058,704,2004,1,0.0
3059,704,2005,3,0.0
3060,704,2006,2,1.0
3061,704,2010,1,0.0
3062,705,1993,1,1.0
3063,705,1996,1,0.0
3064,710,1862,1,0.0
3065,710,1870,2,0.0
3066,710,1871,1,0.0
3067,710,1873,1,0.0
3068,710,1874,1,0.0
3069,710,1875,1,0.0
3070,710,1879,1,0.0
3071,710,1880,1,0.0
3072,710,1881,1,0.0
3073,710,1882,2,0.0
3074,710,1883,1,1.0
3075,710,1884,1,1.0
3076,710,1885,1,0.0
3077,710,1891,1,0.0
3078,710,1894,1,1.0
3079,710,1897,1,0.0
3080,710,1898,3,0.0
3081,710,1899,1,0.0
3082,710,1900,3,3.0
3083,710,1903,1,0.0
3084,710,1905,1,0.0
3085,710,1907,1,0.0
3086,710,1909,1,1.0
3087,710,1910,1,0.0
3088,710,1911,1,0.0
3089,710,1912,2,0.0
3090,710,1914,2,0.0
3091,710,1916,2,1.0
3092,710,1917,3,0.0
3093,710,1918,1,1.0
3094,710,1919,4,0.0
3095,710,1920,1,0.0
3096,710,1921,2,0.0
3097,710,1922,1,0.0
3098,710,1925,1,0.0
3099,710,1926,1,1.0
3100,710,1927,4,0.0
3101,710,1928,1,1.0
3102,710,1929,1,1.0
3103,710,1931,1,1.0
3104,710,1933,2,1.0
3105,710,1934,1,1.0
3106,710,1935,3,1.0
3107,710,1936,1,1.0
3108,710,1937,2,1.0
3109,710,1941,1,1.0
3110,710,1943,2,0.0
3111,710,1944,1,0.0
3112,710,1945,2,0.0
3113,710,1947,1,0.0
3114,710,1949,3,1.0
3115,710,1950,4,2.0
3116,710,1951,2,1.0
3117,710,1952,1,0.0
3118,710,1953,4,1.0
3119,710,1954,5,0.0
3120,710,1955,3,0.0
3121,710,1956,7,0.0
3122,710,1957,1,0.0
3123,710,1958,5,0.0
3124,710,1959,5,1.0
3125,710,1960,3,0.0
3126,710,1961,3,1.0
3127,710,1962,6,0.0
3128,710,1963,1,0.0
3129,710,1964,4,1.0
3130,710,1965,6,1.0
3131,710,1966,4,2.0
3132,710,1967,5,1.0
3133,710,1968,3,0.0
3134,710,1969,4,1.0
3135,710,1971,2,0.0
3136,710,1972,1,0.0
3137,710,1973,2,0.0
3138,710,1974,4,0.0
3139,710,1975,2,1.0
3140,710,1976,1,0.0
3141,710,1977,1,0.0
3142,710,1978,3,1.0
3143,710,1979,3,1.0
3144,710,1980,1,1.0
3145,710,1981,1,1.0
3146,710,1982,2,0.0
3147,710,1983,2,1.0
3148,710,1984,1,0.0
3149,710,1985,3,0.0
3150,710,1986,3,2.0
3151,710,1987,3,1.0
3152,710,1988,2,0.0
3153,710,1991,1,0.0
3154,710,1993,4,1.0
3155,710,1994,4,0.0
3156,710,1995,5,0.0
3157,710,1996,3,0.0
3158,710,1997,1,0.0
3159,710,1998,2,0.0
3160,710,1999,3,0.0
3161,710,2001,5,1.0
3162,710,2002,6,0.0
3163,710,2003,5,0.0
3164,710,2004,2,0.0
3165,710,2005,3,0.0
3166,710,2007,2,0.0
3167,710,2009,3,0.0
3168,710,2010,5,0.0
3169,712,1935,1,0.0
3170,712,1939,1,1.0
3171,712,1943,1,0.0
3172,712,1945,2,1.0
3173,712,1947,1,0.0
3174,712,1974,1,0.0
3175,712,1999,1,0.0
3176,713,1949,4,1.0
3177,713,1950,2,1.0
3178,713,1951,2,1.0
3179,713,1952,1,0.0
3180,713,1953,6,2.0
3181,713,1954,2,0.0
3182,713,1955,4,1.0
3183,713,1956,3,0.0
3184,713,1957,1,0.0
3185,713,1958,1,0.0
3186,713,1959,1,0.0
3187,713,1961,1,0.0
3188,713,1962,1,0.0
3189,713,1963,1,0.0
3190,713,1965,1,0.0
3191,713,1966,1,1.0
3192,713,1967,1,0.0
3193,713,1971,1,0.0
3194,713,1974,1,0.0
3195,713,1986,1,0.0
3196,713,1987,1,0.0
3197,713,1988,1,0.0
3198,713,1991,1,0.0
3199,713,1993,1,0.0
3200,713,1994,3,0.0
3201,713,1995,4,0.0
3202,713,1996,1,0.0
3203,713,1999,1,0.0
3204,713,2001,1,0.0
3205,713,2002,1,0.0
3206,713,2003,3,0.0
3207,713,2005,2,0.0
3208,713,2007,1,0.0
3209,713,2008,1,0.0
3210,713,2010,1,0.0
3211,730,1894,1,1.0
3212,730,1897,1,0.0
3213,730,1899,1,0.0
3214,730,1903,1,1.0
3215,731,1949,1,0.0
3216,731,1950,1,1.0
3217,731,1954,1,1.0
3218,731,1958,1,1.0
3219,731,1962,1,1.0
3220,731,1963,1,1.0
3221,731,1964,1,1.0
3222,731,1965,1,0.0
3223,731,1968,1,0.0
3224,731,1969,1,1.0
3225,731,1970,1,1.0
3226,731,1974,1,1.0
3227,731,1975,1,1.0
3228,731,1976,2,1.0
3229,731,1977,2,1.0
3230,731,1979,1,1.0
3231,731,1981,2,0.0
3232,731,1982,2,0.0
3233,731,1983,1,0.0
3234,731,1984,1,0.0
3235,731,1986,1,0.0
3236,731,1989,1,0.0
3237,731,1990,1,0.0
3238,731,1991,1,0.0
3239,731,1992,1,1.0
3240,731,1993,3,1.0
3241,731,1994,1,1.0
3242,731,1995,1,0.0
3243,731,1997,2,0.0
3244,731,1999,3,0.0
3245,731,2000,1,0.0
3246,731,2001,2,2.0
3247,731,2002,2,0.0
3248,731,2003,3,0.0
3249,731,2004,2,0.0
3250,731,2005,1,0.0
3251,731,2007,1,0.0
3252,731,2008,1,0.0
3253,731,2009,1,1.0
3254,731,2010,1,0.0
3255,732,1949,1,0.0
3256,732,1950,1,1.0
3257,732,1953,2,1.0
3258,732,1954,2,1.0
3259,732,1955,2,0.0
3260,732,1958,2,1.0
3261,732,1959,3,1.0
3262,732,1960,2,0.0
3263,732,1961,2,0.0
3264,732,1962,2,1.0
3265,732,1963,2,1.0
3266,732,1964,2,1.0
3267,732,1965,1,1.0
3268,732,1966,2,0.0
3269,732,1967,2,0.0
3270,732,1970,1,1.0
3271,732,1974,1,1.0
3272,732,1975,1,1.0
3273,732,1976,2,1.0
3274,732,1977,1,1.0
3275,732,1978,1,0.0
3276,732,1979,1,1.0
3277,732,1981,1,0.0
3278,732,1982,1,0.0
3279,732,1983,2,0.0
3280,732,1984,1,0.0
3281,732,1985,3,0.0
3282,732,1986,2,0.0
3283,732,1987,1,0.0
3284,732,1989,1,0.0
3285,732,1991,1,0.0
3286,732,1992,1,1.0
3287,732,1993,2,0.0
3288,732,1994,2,1.0
3289,732,1996,1,0.0
3290,732,1999,2,0.0
3291,732,2000,1,0.0
3292,732,2001,1,1.0
3293,732,2002,1,0.0
3294,732,2003,1,0.0
3295,732,2005,2,0.0
3296,732,2006,1,0.0
3297,732,2007,1,0.0
3298,732,2008,1,0.0
3299,732,2009,1,1.0
3300,732,2010,1,0.0
3301,740,1861,1,0.0
3302,740,1863,1,0.0
3303,740,1864,1,0.0
3304,740,1865,1,0.0
3305,740,1871,1,0.0
3306,740,1873,1,0.0
3307,740,1874,1,0.0
3308,740,1875,1,0.0
3309,740,1879,1,0.0
3310,740,1882,1,0.0
3311,740,1884,1,1.0
3312,740,1885,1,0.0
3313,740,1894,1,1.0
3314,740,1895,1,0.0
3315,740,1897,1,0.0
3316,740,1900,2,1.0
3317,740,1903,1,1.0
3318,740,1907,1,0.0
3319,740,1908,1,0.0
3320,740,1909,1,1.0
3321,740,1914,2,1.0
3322,740,1916,1,1.0
3323,740,1917,2,0.0
3324,740,1918,1,1.0
3325,740,1919,4,0.0
3326,740,1920,3,0.0
3327,740,1925,1,0.0
3328,740,1926,2,1.0
3329,740,1927,3,0.0
3330,740,1928,1,1.0
3331,740,1931,1,1.0
3332,740,1932,2,0.0
3333,740,1933,1,1.0
3334,740,1934,2,1.0
3335,740,1935,4,1.0
3336,740,1936,3,1.0
3337,740,1937,4,2.0
3338,740,1938,2,1.0
3339,740,1939,2,1.0
3340,740,1940,3,0.0
3341,740,1941,11,1.0
3342,740,1942,2,0.0
3343,740,1943,3,0.0
3344,740,1944,1,0.0
3345,740,1945,10,0.0
3346,740,1953,3,0.0
3347,740,1954,1,0.0
3348,740,1955,3,0.0
3349,740,1958,3,0.0
3350,740,1959,3,0.0
3351,740,1960,3,0.0
3352,740,1961,4,0.0
3353,740,1962,2,0.0
3354,740,1963,3,0.0
3355,740,1964,2,0.0
3356,740,1965,2,0.0
3357,740,1966,1,0.0
3358,740,1967,1,0.0
3359,740,1968,1,0.0
3360,740,1969,1,0.0
3361,740,1975,1,0.0
3362,740,1976,1,0.0
3363,740,1977,2,0.0
3364,740,1978,2,0.0
3365,740,1982,4,0.0
3366,740,1984,1,0.0
3367,740,1987,2,0.0
3368,740,1988,2,0.0
3369,740,1991,1,0.0
3370,740,1993,1,0.0
3371,740,1994,1,0.0
3372,740,1995,2,0.0
3373,740,1996,4,0.0
3374,740,1997,1,0.0
3375,740,1998,1,1.0
3376,740,1999,4,0.0
3377,740,2000,1,0.0
3378,740,2001,2,1.0
3379,740,2002,2,0.0
3380,740,2003,3,0.0
3381,740,2004,1,0.0
3382,740,2005,3,0.0
3383,740,2006,3,0.0
3384,740,2007,1,0.0
3385,740,2008,2,0.0
3386,740,2009,1,0.0
3387,740,2010,3,0.0
3388,750,1947,2,1.0
3389,750,1949,1,0.0
3390,750,1950,2,1.0
3391,750,1951,1,1.0
3392,750,1952,1,0.0
3393,750,1954,2,0.0
3394,750,1955,2,1.0
3395,750,1956,5,2.0
3396,750,1957,2,0.0
3397,750,1958,4,2.0
3398,750,1959,2,0.0
3399,750,1960,1,0.0
3400,750,1961,3,2.0
3401,750,1962,4,1.0
3402,750,1963,2,0.0
3403,750,1964,3,2.0
3404,750,1965,6,4.0
3405,750,1966,1,0.0
3406,750,1967,3,2.0
3407,750,1968,1,0.0
3408,750,1969,5,1.0
3409,750,1970,1,0.0
3410,750,1971,2,1.0
3411,750,1972,1,1.0
3412,750,1973,1,0.0
3413,750,1975,1,1.0
3414,750,1976,1,1.0
3415,750,1979,1,0.0
3416,750,1980,1,0.0
3417,750,1981,2,2.0
3418,750,1982,1,0.0
3419,750,1983,2,2.0
3420,750,1984,4,1.0
3421,750,1985,2,1.0
3422,750,1986,2,1.0
3423,750,1987,3,1.0
3424,750,1989,1,0.0
3425,750,1990,1,1.0
3426,750,1991,1,0.0
3427,750,1992,2,0.0
3428,750,1993,1,1.0
3429,750,1995,1,0.0
3430,750,1996,1,0.0
3431,750,1999,1,1.0
3432,750,2001,2,1.0
3433,750,2002,2,1.0
3434,750,2003,1,0.0
3435,750,2004,3,0.0
3436,750,2005,1,0.0
3437,750,2007,1,0.0
3438,750,2008,5,2.0
3439,750,2009,2,1.0
3440,760,2005,1,0.0
3441,770,1947,2,1.0
3442,770,1949,2,0.0
3443,770,1950,2,2.0
3444,770,1951,2,1.0
3445,770,1952,1,0.0
3446,770,1955,3,1.0
3447,770,1956,3,3.0
3448,770,1957,1,0.0
3449,770,1958,2,2.0
3450,770,1959,2,0.0
3451,770,1960,3,0.0
3452,770,1961,2,1.0
3453,770,1962,2,1.0
3454,770,1963,2,0.0
3455,770,1964,2,2.0
3456,770,1965,3,3.0
3457,770,1966,1,0.0
3458,770,1967,1,1.0
3459,770,1969,3,1.0
3460,770,1970,1,0.0
3461,770,1971,1,1.0
3462,770,1972,1,1.0
3463,770,1973,1,0.0
3464,770,1974,1,0.0
3465,770,1979,1,0.0
3466,770,1981,1,1.0
3467,770,1982,1,0.0
3468,770,1983,2,1.0
3469,770,1984,1,1.0
3470,770,1985,1,1.0
3471,770,1986,1,0.0
3472,770,1987,1,0.0
3473,770,1989,1,0.0
3474,770,1990,2,2.0
3475,770,1991,1,0.0
3476,770,1993,1,1.0
3477,770,1999,1,1.0
3478,770,2001,2,2.0
3479,770,2002,1,1.0
3480,770,2004,1,0.0
3481,770,2005,3,0.0
3482,770,2006,3,1.0
3483,770,2007,1,1.0
3484,770,2008,3,2.0
3485,770,2009,1,0.0
3486,770,2010,1,1.0
3487,771,1976,1,1.0
3488,771,1980,1,0.0
3489,771,1981,1,1.0
3490,771,1983,1,1.0
3491,771,1986,1,1.0
3492,771,1987,1,1.0
3493,771,1990,1,1.0
3494,771,1991,1,1.0
3495,771,1995,1,0.0
3496,771,1996,1,0.0
3497,771,2001,1,0.0
3498,771,2002,2,1.0
3499,771,2008,4,1.0
3500,771,2009,2,1.0
3501,775,1950,1,1.0
3502,775,1953,2,1.0
3503,775,1954,1,0.0
3504,775,1955,1,0.0
3505,775,1956,1,0.0
3506,775,1957,1,0.0
3507,775,1959,3,0.0
3508,775,1969,1,0.0
3509,775,1975,1,0.0
3510,775,1977,1,0.0
3511,775,1979,1,0.0
3512,775,1980,1,0.0
3513,775,1982,1,0.0
3514,775,1983,1,0.0
3515,775,1984,1,1.0
3516,775,1985,1,0.0
3517,775,1987,1,0.0
3518,775,1988,1,0.0
3519,775,1989,1,0.0
3520,775,1990,1,1.0
3521,775,1991,1,1.0
3522,775,1992,1,0.0
3523,775,1995,1,0.0
3524,775,1996,1,0.0
3525,775,1999,1,1.0
3526,775,2001,1,1.0
3527,775,2002,1,0.0
3528,775,2003,2,1.0
3529,775,2004,3,1.0
3530,775,2006,1,0.0
3531,775,2007,1,1.0
3532,775,2008,1,0.0
3533,775,2009,2,0.0
3534,780,1984,1,0.0
3535,780,1987,1,0.0
3536,780,1989,1,0.0
3537,780,1992,1,0.0
3538,780,2008,1,0.0
3539,781,1987,1,0.0
3540,790,1956,1,0.0
3541,790,1959,1,1.0
3542,790,1960,1,0.0
3543,790,1962,1,0.0
3544,790,1965,1,0.0
3545,790,1968,1,0.0
3546,790,1969,1,0.0
3547,790,2004,1,0.0
3548,800,1893,1,1.0
3549,800,1917,1,0.0
3550,800,1940,2,1.0
3551,800,1941,1,0.0
3552,800,1942,1,0.0
3553,800,1943,1,0.0
3554,800,1946,1,1.0
3555,800,1948,1,0.0
3556,800,1951,1,1.0
3557,800,1952,1,0.0
3558,800,1953,2,0.0
3559,800,1954,1,0.0
3560,800,1955,1,0.0
3561,800,1958,1,0.0
3562,800,1959,1,0.0
3563,800,1960,2,0.0
3564,800,1961,2,0.0
3565,800,1962,2,1.0
3566,800,1963,1,0.0
3567,800,1964,3,2.0
3568,800,1965,1,0.0
3569,800,1966,1,0.0
3570,800,1967,2,1.0
3571,800,1968,1,0.0
3572,800,1969,2,0.0
3573,800,1970,2,0.0
3574,800,1975,3,1.0
3575,800,1976,2,1.0
3576,800,1977,2,0.0
3577,800,1978,1,0.0
3578,800,1979,1,0.0
3579,800,1980,2,0.0
3580,800,1982,2,0.0
3581,800,1983,2,1.0
3582,800,1984,1,1.0
3583,800,1985,1,0.0
3584,800,1987,2,1.0
3585,800,1988,1,0.0
3586,800,1989,2,0.0
3587,800,1990,1,1.0
3588,800,1992,1,0.0
3589,800,1994,1,1.0
3590,800,1995,2,1.0
3591,800,1996,1,0.0
3592,800,1997,1,1.0
3593,800,1999,1,1.0
3594,800,2001,1,1.0
3595,800,2002,1,0.0
3596,800,2003,2,1.0
3597,800,2004,4,1.0
3598,800,2005,2,0.0
3599,800,2006,2,0.0
3600,800,2007,1,1.0
3601,800,2008,1,1.0
3602,800,2009,1,0.0
3603,811,1953,1,0.0
3604,811,1956,1,0.0
3605,811,1958,2,0.0
3606,811,1959,1,1.0
3607,811,1960,1,0.0
3608,811,1961,1,0.0
3609,811,1962,2,1.0
3610,811,1963,2,0.0
3611,811,1964,3,2.0
3612,811,1965,1,0.0
3613,811,1967,2,0.0
3614,811,1968,3,0.0
3615,811,1969,2,0.0
3616,811,1970,3,1.0
3617,811,1975,3,2.0
3618,811,1976,1,1.0
3619,811,1977,1,0.0
3620,811,1994,1,1.0
3621,811,1996,1,0.0
3622,811,1997,1,1.0
3623,811,2005,1,0.0
3624,811,2008,1,1.0
3625,812,1958,1,0.0
3626,812,1960,4,0.0
3627,812,1962,1,0.0
3628,812,1964,1,0.0
3629,812,1966,1,0.0
3630,812,1969,1,0.0
3631,812,1970,1,0.0
3632,812,1975,1,0.0
3633,812,1976,1,0.0
3634,812,1977,1,0.0
3635,812,1978,1,0.0
3636,812,1979,1,0.0
3637,812,1980,1,0.0
3638,812,1982,1,0.0
3639,812,1983,1,1.0
3640,812,1987,1,1.0
3641,816,1958,1,0.0
3642,816,1960,3,1.0
3643,816,1961,1,0.0
3644,816,1962,1,0.0
3645,816,1964,1,1.0
3646,816,1969,1,0.0
3647,816,1970,1,0.0
3648,816,1975,2,1.0
3649,816,1977,1,0.0
3650,816,1978,1,1.0
3651,816,1980,2,1.0
3652,816,1981,1,1.0
3653,816,1982,1,0.0
3654,816,1983,2,1.0
3655,816,1984,1,0.0
3656,816,1985,1,0.0
3657,816,1986,1,1.0
3658,816,1987,2,1.0
3659,816,1988,1,0.0
3660,816,1989,1,0.0
3661,816,1993,1,0.0
3662,816,1994,2,0.0
3663,816,1995,2,1.0
3664,816,1996,1,0.0
3665,816,1998,2,0.0
3666,816,1999,1,0.0
3667,816,2002,1,0.0
3668,816,2003,1,0.0
3669,816,2010,1,0.0
3670,817,1956,2,0.0
3671,817,1958,1,0.0
3672,817,1959,2,1.0
3673,817,1960,2,1.0
3674,817,1961,1,0.0
3675,817,1962,1,0.0
3676,817,1963,1,0.0
3677,817,1964,2,1.0
3678,817,1965,2,0.0
3679,817,1967,1,0.0
3680,817,1968,1,0.0
3681,817,1971,1,0.0
3682,817,1974,2,0.0
3683,820,1963,1,1.0
3684,820,1964,1,0.0
3685,820,1965,1,0.0
3686,820,1968,1,0.0
3687,820,1979,1,0.0
3688,820,1980,1,0.0
3689,820,1983,1,0.0
3690,820,1985,1,0.0
3691,820,1988,2,0.0
3692,820,1992,1,0.0
3693,820,2003,1,0.0
3694,820,2004,1,0.0
3695,820,2005,2,0.0
3696,820,2006,1,0.0
3697,820,2008,1,0.0
3698,830,1987,2,0.0
3699,830,1992,1,0.0
3700,830,2003,1,0.0
3701,840,1950,1,1.0
3702,840,1956,1,0.0
3703,840,1959,1,0.0
3704,840,1961,1,0.0
3705,840,1966,1,1.0
3706,840,1968,2,0.0
3707,840,1974,1,0.0
3708,840,1979,1,0.0
3709,840,1980,1,0.0
3710,840,1982,2,0.0
3711,840,1985,1,0.0
3712,840,1988,1,0.0
3713,840,1994,1,0.0
3714,840,1995,1,0.0
3715,840,1996,1,0.0
3716,840,1998,2,0.0
3717,840,1999,1,0.0
3718,840,2000,1,0.0
3719,840,2001,1,0.0
3720,840,2002,1,0.0
3721,840,2003,2,0.0
3722,850,1951,2,0.0
3723,850,1953,1,1.0
3724,850,1957,2,0.0
3725,850,1960,2,1.0
3726,850,1961,1,0.0
3727,850,1963,2,1.0
3728,850,1964,1,0.0
3729,850,1965,2,0.0
3730,850,1966,1,0.0
3731,850,1975,1,0.0
3732,850,1980,1,0.0
3733,850,1982,1,0.0
3734,850,1984,1,0.0
3735,850,1988,1,0.0
3736,850,1990,1,0.0
3737,850,1996,1,0.0
3738,850,1999,1,0.0
3739,850,2001,1,1.0
3740,850,2003,3,0.0
3741,850,2004,1,0.0
3742,850,2005,2,0.0
3743,850,2008,2,0.0
3744,900,1939,1,1.0
3745,900,1941,1,0.0
3746,900,1942,1,0.0
3747,900,1950,1,1.0
3748,900,1962,1,0.0
3749,900,1963,1,1.0
3750,900,1964,1,1.0
3751,900,1987,1,0.0
3752,900,1990,1,1.0
3753,900,1994,1,0.0
3754,900,1999,1,0.0
3755,900,2001,3,1.0
3756,900,2003,1,1.0
3757,910,1982,1,0.0
3758,910,1984,1,0.0
3759,910,1988,2,0.0
3760,910,1990,1,0.0
3761,910,1992,1,0.0
3762,910,1993,1,0.0
3763,910,1996,1,0.0
3764,910,2003,1,0.0
3765,910,2008,1,0.0
3766,920,1939,1,1.0
3767,920,1950,1,1.0
3768,920,1962,1,0.0
3769,920,1965,1,1.0
3770,920,1985,1,0.0
3771,920,2001,1,1.0
3772,940,1993,1,0.0
3773,940,1996,1,0.0
3774,986,2000,1,0.0
